"Кримінальні провадження, в яких
повідомлено про підозру або направлено до суду обвинувальні акти за вчинення злочинів в м. Буча";;;;;;;;;;;;;;;;;;;;;;;;;;№;Відомості щодо особи підозрюваного;рід війсь, звання;Офіцер;№ КП та дата його реєстрації в ЄРДР;Кваліфікація злочину;Коротка фабула злочину;Місце вчинення злочину;Повідомлено про підозру (дата);Кількість підозрюваних;кількість фактів;Вид злочину (вивство, жостоке поводження, вбивство та жорстоке поводження, напад, СНПК);Відділ (прокуратура), що повідомив про підозру;Прокурор;ОДР;ПІБ потерпілих;Кількість потерпілих осіб вбитих;Кількість потерпілих осіб жорстоке поводження;Закриття;Направлено до суду (дата);Кількість обвинувачених;Вирок суду;Кількість засуджених;Повідомлено про підозру посилання;;Повідомлено про підозру (рік);Направлено до суду (дата)1;Мешалкін Євгеній Євгенійович, 11.09.2001 у м. Заводоуковськ, Тюменської області РФ, номер розрахунку 2-ї десантно-штурмової роти ;234 ДШП 76-ї ДШД ПДВ ЗС РФ, в/ч 74268;Ні;№ 12024000000001466;ч. 2 ст. 438;10.03.2022 Мешалкін Є.Є. зупинив для перевірки місцевого жителя. Після проведення обшуку вказаний військовослужбовець звинуватив потерпілого у сприянні Збройним Силам України, а саме у коригуванні вогню. У подальшому погрожуючи вогнепальною автоматичною зброєю, відвів потерпілого до недобудови, з мотивів ненависті до українців, які протистоять російсько-окупаційним військам та надають підтримку силам безпеки і оборони України, здійснив два постріли, один з яких потрапив в голову, чим спричинив смерть останньому.;Буча;09.07.2024;1;1;вбивство;18_1_4;Дятел В.С.;ГСУ НПУ;Кадура О.В.;1;;;31.10.2024;1;;;;;2024;20242;Платіцин Артур Олександрович, 30.05.1989 у м. Івдель, Свердловської області РФ, старший механік-водій 1 БТГ;234 ДШП 76-ї ДШД ПДВ ЗС РФ, в/ч 74268;Ні;№ 12024000000001465;ч. 1 ст. 438;07.03.2022 Платіцин А.О. із невстановленим в-цем зс рф, розуміючи, що в будинку 203-Г по вул. Яблунській у м. Буча мешкають цивільні особи, які не приймають участі у бойових діях, вчинили жорстке поводження щодо цивільних осіб Горілого К.О., Горілого О.Д. та Татарчука Д.І., а саме застосували психологічний тиск, який виразився у направленні в сторону потерпілих приведеної у бойову готовність автоматичної стрілецької зброї, висловлювали погрози вбивством та здійснили постріли з автоматичної стрілецької зброї по вхідним дверям квартири де перебував потерпілий.;Буча;09.07.2024;1;1;жорстоке поводження;18_1_4;Дятел В.С.;ГСУ НПУ;Горілий К.О., Горілий О.Д., Татарчук Д.І.;;3;1;;;;;;;2024; 3;"Джумангалієв Павло Сергійович, 
18.05.1991 у м. Саратов, Саратовської області РФ, командир відділення-командир бойової машини 4 десантно-штурмової роти 2 БТГ";234 ДШП 76-ї ДШД ПДВ ЗС РФ, в/ч 74268;Ні;№ 12025000000000041;ч. 1 ст. 438;26.03.2022 Джумангалієв П.С. перебуваючи в м. Буча вчинив нелюдське поводження, шляхом висловлення погрози вбивством та здійсненням близько чотирьох пострілів у повітря біля потерпілого Косьяна Г.І., направленням вогнепальної зброї в сторону потерпілої Алєксандрової Н.В. із висловленням погрози її вбивства, а також демонстративним витягуванням запобіжної чеки із погрозою її підриву в адресу потерпілих.;Буча;28.12.2024;1;2;жорстоке поводження;18_1_4;Дятел В.С.;ГСУ НПУ;Косьян Г.І., Алєксандрова Н.В.;;2;;17.02.2025;1;;;;;2024;2025;;;;;;;;;;;жорстоке поводження;;;;;;;;;;;;;; ; 4;Гасангулієв Шаміль Фархадович, 23.06.1995 у м. Псков РФ, командир відділення - командир бойової машини 4-ої десантно-штурмової роти 2 БТГ;234 ДШП 76-ї ДШД ПДВ ЗС РФ, в/ч 74268;Ні;№ 12025000000000040;ч. 2 ст. 438;Гасангулієв Ш.Ф. у обідній час доби 22.03.2022, перебуваючи на території приватного домоволодіння в м. Буча, з мотивів ненависті до осіб, які мають проукраїнські погляди, з метою спричинення смерті потерпілим Сидоренку С.О. та Сидоренко Л.Ф., здійснили постріли, з наявної у них автоматичної стрілецької зброї, у потерпілих, чим вчинили умисне вбивство цивільних осіб.;Буча;28.12.2024;1;1;вбивство;18_1_4;Дятел В.С.;ГСУ НПУ;Сидоренко С.О., Сидоренко Л.Ф.;2;;;29.08.2025;1;;;;;2024;20255;Манзиров Валентин Олександрович, 14.02.2000 у с. Чібіля, Улаганського району, Республіки Алтай, РФ, снайпер 2-го відділення бойового забезпечення, 2-го взводу спеціального призначення, 2-ї групи спеціального призначення;27 окремий загін спеціального призначення «Кузбасс» (в/ч 6607, м. Кемерово) військ Національної гвардії РФ;Ні;№ 12024000000001871;ч. 2 ст. 438;"Манзиров В.О. 27.03.2022  приблизно о 19:45 перебуваючи на території приватного домоволодіння в м. Буча, здійснив щонайменше 3 постріли з наявної у нього вогнепальної зброї у потерпілого Кривенка О.І. та щонайменше 4 постріли у потерпілого Ржавського О.М., які перебували у холі будинку,  за адресою: м. Буча, вул. Антонія Михайловського, 
29-Б, чим здійснив умисне вбивство цивільних осіб.";Буча;31.08.2024;1;1;вивство;18_1_4;Шевченко Д.С.;ГСУ НПУ;Кривенко О.І. Ржавський О.М.;2;;;31.10.2024;1;;;;;2024;20246;Дементьєв Артем Станіславович, 20.11.1986, сел. Єжевичний Верхньосалдинського міського округу Свердловської обл. РФ, розвідник-снайпер взводу розвідки 1 БТГ, ;234 ДШП 76-ї ДШД ПДВ ЗС РФ, в/ч 74268;Ні;№ 12025000000001123 ;ч. 2 ст. 438;"Дементьєв А.С. приблизно об 11 годині 05 хвилин  05.03.2022 перебуваючи на проїжджій частині вулиці Яблунської навпроти будинку № 342 по 
вул. Яблунській в м. Буча, з мотивів ненависті до осіб, які мають проукраїнські погляди, з метою спричинення смерті Абрамову О.О., здійснив не менше двох пострілів з наявної у нього автоматичної стрілецької зброї ГСС «Вінторєз», у потерпілого Абрамова О.О., який перебував на проїжджій частині дороги навпроти вказаного будинку, чим спричинив смерть останнього, тобто вчинив умисне вбивство цивільної особи.";Буча;29.03.2025;1;1;вбивство;18_1_4;Нескородяний А.М.;ГСУ НПУ;Абрамов О.О.;1;;;02.07.2025;1;;;;;2025;20257;;;;№ 12025000000001710;ч. 1 ст. 438;"Дементьєв А.С., 09.03.2022, перебуваючи в квартирі № 74 будинку № 62 по вул. Водопровідній в м. Буча, відібрав та привласнив майно та грошові кошти потерпілого Шеперева М.П., а саме: грошові кошти в сумі 300 доларів США (згідно з офіційним курсом НБУ на 09.03.2022 сума еквівалентна 8776 гривень); 15000 гривень; золоту каблучку 585 проби, вагою 7 грамів (вартість 2800 гривень станом на момент придбання у 2013 році) на загальну суму 26576 гривень.
Крім того, Дементьєв А.С. в післяобідню пору 09.03.2022, перебуваючи на подвір’ї будинку № 53-А по вул. Водопровідній в місті Буча, з мотивів негативного ставлення до українців, з метою примусити потерпілого Шеперева М.П. вчинити дії, що суперечать його волі, а саме надати інформацію щодо проходження ним військової служби у лавах територіальної оборони (або співробітництва з нею) та інформації щодо місць дислокації військовослужбовців Сил безпеки і оборони України, провів допит Шеперева М.П., погрожуючи останньому катуванням, відрізанням фаланг пальців та переломом кісток, демонструючи йому садові ножиці, кухонний та слюсарний молотки. Після чого, Дементьєв А.С. наніс Шепереву М.П. не менше 15 ударів руками, ногами та металевим кухонним молотком по різних частинах тіла потерпілого, зокрема, по голові, спині та верхній частині тулубу, чим заподіяв шкоду його здоров’ю, фізичний біль та сильні моральні страждання.
Крім того, Дементьєв А.С., в післяобідню пору 09.03.2022, перебуваючи на подвір’ї будинку № 215 по вул. Яблунській в місті Буча, з мотивів негативного ставлення до українців,  наніс один удар ногою у праву область верхньої частину голови Болгарєва А.А., чим спричинив йому фізичний біль та сильні моральні страждання.";Буча;31.05.2025;;3;жорстоке поводження, привласнення майна;18_1_4;Нескородяний А.М., Шевчук А.М.;ГСУ НПУ;Шеперев М.П., Болгарєв А.А.;;2;;;;;;;;2025; 8;;;;№ 12025000000002308;ч. 2 ст. 438;"Дементьєв А.С., будучи розвідником-снайпером розвідувального взводу 1-ї батальйонно-тактичної групи 234-го десантно-штурмового полку 
76-ї десантно-штурмової дивізії Повітряно-десантних військ ЗС РФ (в/ч № 74268), у невстановлений час не раніше 10 години 10.03.2022, перебуваючи у квартирі 
№ 112 буд. № 62 по вул. Водопровідній у м. Буча, усвідомлюючи наявність міжнародного збройного конфлікту та те, що Ковтун В.А. є цивільною особою, яка перебуває під захистом міжнародного гуманітарного права та не становить загрози, усвідомлюючи суспільно небезпечний характер своїх дій, передбачаючи їх суспільно небезпечні наслідки та бажаючи їх настання, з метою спричинення смерті Ковтуну В.А., в порушення положень ст. ст. 32, 147 Конвенції про захист цивільного населення під час війни від 12.08.1949 та п. a.1) ч. 2 ст. 75 Додаткового протоколу до Женевських конвенцій від 12 серпня 1949 року, що стосується захисту жертв міжнародних збройних конфліктів (Протокол I), від 08.06.1977, здійснив щонайменше один постріл з наявної у нього автоматичної стрілецької зброї ГСС «Вінторєз» у голову потерпілого Ковтуна В.А., який перебував у приміщенні вказаної квартири, чим спричинив смерть останнього, тобто вчинив умисне вбивство цивільної особи.";Буча;01.08.2025;;1;вбивство;18_1_4;Нескородяний А.М.;ГСУ НПУ;Ковтун В.А.;1;;;;;;;https://www.gp.gov.ua/ua/posts/povidomlennya-pro-pidozru-ta-povistki-pro-viklik-dementjeva-as-na-14082025-15082025-18082025-ukrayinskoyu-ta-pereklad-rosiiskoyu;;2025; ;;;;;;;;;;;;;;;;;;;;;;;;; ; 9;;;;№ 12024000000001640;ч. 1 ст. 438;Дементьєв А.С. в один з днів з 4 по 6 березня 2022 року перебуваючи біля будинку № 217 по вул. Яблунська у м. Буча здійснив постріл із гвинтівки «Вінторєз» в ліву ногу Шевченка К.О., чим спричинив середньої тяжкості тілесні ушкодження. Крім цього, в один із днів з 23 по 24 березня 2022 року, перебуваючи на території подвір’я житлового будинку № 46 по вул. Центральній у м. Буча навів зброю в сторону потерпілих Блинди С.М., Блинди І.М., Любарця Д.С., Колтало М.М. та здійснив не менше одного пострілу зі гвинтівки «Вінторєз», що влучила в землю поряд з ногами потерпілих, чим завдав потерпілим сильних моральних страждань. Крім цього, в один із днів з 25 по 26 березня 2022 року привів під примусом до будинку № 33-В по вул. Центральній у м. Буча Блинду С.М. та Любарець Д.С., де Кіріков В.В. наказав потерпілим зібрати тіла вбитих в-ців ЗС РФ, які перебувають на лінії зіткнення бойових дій. При цьому Кіріков В.В. пригрозив потерпілим вбивством їх близьких, у випадку невиконання наказу, а також наказав рухатися встановленим маршрутом, у випадку відхилення від якого, потерпілі будуть вбиті снайперами ЗС РФ. Внаслідок указаних дій потерпілим Блинді С.М. та Любарцю Д.С. заподіяно сильні моральні страждання.;Буча;30.07.2024;;3;жорстоке поводження;18_1_4;Шевченко Д.С.;ГСУ НПУ;Шевченко К.О. Колтало М.М. Блинда С.М. Блинда І.М. Любарець Д.С.;;5;;31.10.2024;2;;;;;2024;2024;;;;;;;;;;;жорстоке поводження;;;;;;;;;;;;;; ; ;;;;;;;;;;;жорстоке поводження;;;;;;;;;;;;;; ; ;;;;;;;;;;;жорстоке поводження;;;;;;;;;;;;;; ; 10;Кіріков Вадим Володимирович, 20.07.1987 у м. Питалово, Псковської обл., РФ, заступник командира 1-го повітряно-десантного батальйону;234 ДШП 76-ї ДШД ПДВ ЗС РФ, в/ч 74268;Так;;ч. 1 ст. 438;;;;1;;;;;;;;;;;;;;;; ; 11;Кузнєцов Максим Юрійович, 01.09.1995, сел. Слєпнєво, Куньїнського р-ну, Псковської обл., РФ, стрілець – помічник гранатометника 6-ї десантно-штурмової роти 2 БТГ;234 ДШП 76-ї ДШД ПДВ ЗС РФ, в/ч 74268;Ні;№ 12025000000000039;ч. 2 ст. 438;Полін І.О. разом з Кузнєцовим М.Ю., 29.03.2022 приблизно о 12 годині, перебуваючи біля будинку № 106-А по вул. Вокзальній у місті Буча, вчинили напад на цивільну особу, відкривши вогонь на ураження з наявної у них автоматичної стрілецької зброї в потерпілого Палієнка І.О., який перебував, біля будівлі магазину «НОВУС», чим заподіяли смерть останньому.;Буча;28.12.2024;1;1;вбивство;18_1_4;Шевченко Д.С.;ГСУ НПУ;Палієнко І.О.;1;;;31.03.2025;1;;;;;2024;202512;"Полін Іван Олександрович, 10.05.2000, м. Рубцовськ Алтайського краю, РФ, номеру розрахунку 6-ї десантно-штурмової роти 2 БТГ; ";234 ДШП 76-ї ДШД ПДВ ЗС РФ, в/ч 74268;Ні;№ 12025000000000619;ч. 2 ст. 438;;Буча;28.12.2024;1;;вбивство;18_1_4;Шевченко Д.С.;ГСУ НПУ;;;;14.03.2025 (смерть підозрюваного);;;;;;;2024; 13;Заболотін Микита Євгенович, 24.09.1999, м. Курськ Курської області РФ, механік-водій 9-ї десантно-штурмової роти 2 БТГ;234 ДШП 76-ї ДШД ПДВ ЗС РФ, в/ч 74268;Ні;№ 12025000000000038;ч. 1 ст. 438;Заболотін М.Є., 03.03.2022 приблизно о 23 годині, перебуваючи поблизу приватного домоволодіння № 10 по вул. Островського в м. Буча, вчинив нелюдське поводження щодо потерпілої, приставивши до голови Биченок Т.М. наявну у нього  автоматичну стрілецьку зброю, споряджену бойовими набоями та сказав останній, що зараз прострелить їй голову, висловивши таким чином погрозу вбивством.;Буча;25.12.2024;1;1;жорстоке поводження;18_1_4;Шевченко Д.С.;ГСУ НПУ;Биченок Т.М.;;1;;17.02.2025;1;;;;;2024;202514;Бровін  Андрій  Андрійович, 12.09.1995 у м. Єкатеринбу?рг Свердловська область, РФ, заступник командира з повітряно десантної підготовки 1-ї роти 1 БТГ ;234 ДШП 76-ї ДШД ПДВ ЗС РФ, в/ч 74268;Так;№ 12024000000001002;ч. 1 ст. 438;Бровін А.А. 11.03.2022 приблизно о 18 годині перебуваючи на кухні будинку № 81 по вул. Яблунська в м. Буча, з метою спричинення тілесних ушкоджень Овсянікову О.А. здійснив постріл з наявної у нього автоматичної стрілецької зброї в потерпілого, спричинивши йому тілесні ушкодження середнього ступеня тяжкості, чим здійснив жорстоке поводження з цивільним населенням.;Буча;10.05.2024;1;1;жорстоке поводження;18_1_4;Нескородяний А.М.;ГСУ НПУ;Овсяніков О.А.;;1;;08.07.2024;1;;;;;2024;202415;Будаєв Циренжап Алдарович, 25.10.2002 у с. Кижинга Республіки Бурятії РФ, навідник 4-ї десантно-штурмової роти, 2 БТГ;234 ДШП 76-ї ДШД ПДВ ЗС РФ, в/ч 74268;Ні;№ 12024000000000792 ;ч. 2 ст. 438;Будаєв Ц.А. у денний час в період з 9 по 10 березня 2022 року,  перебуваючи поблизу блок-поста по вулиці Жовтнева в місті Буча, з метою спричинення смерті Кириченку Ю.В., здійснив не менше двох пострілів з наявної в нього автоматичної стрілецької зброї в потерпілого, який перебував біля входу до двору  будинку № 42-А по вулиці Жовтневій, чим здійснив умисне вбивство цивільної особи. Крім того, Будаєв Ц.А.,  20.03.2022, перебуваючи біля входу до підвального приміщення житлового будинку № 203-А по вулиці Яблунській в місті Буча, з метою спричинення смерті Бондарчуку Л.Л., здійснив не менше чотирьох пострілів з наявної в нього автоматичної стрілецької зброї в потерпілого, який перебував на сходах до вказаного підвального приміщення, чим здійснив умисне вбивство цивільної особи.;Буча;06.04.2024;1;2;вбивство;18_1_4;Нескородяний А.М.;ГСУ НПУ;Кириченко Ю.В. Бондарчук Л.Л.;2;;;02.07.2024;1;;;;;2024;2024;;;;;;;;;;;вбивство;;;;;;;;;;;;;;;16;Сєргазієв Кажмурат Сагантаєвич, 25.06.2001 у м. Паласовка Волгоградської області РФ, номер розрахунку 3-ї парашутно-десантної роти  1 БТГ. ;234 ДШП 76-ї ДШД ПДВ ЗС РФ, в/ч 74268;Ні;№ 12024000000001090;ч. 1 ст. 28 ч. 2 ст. 438;"Мадгозієв Б.Ф. разом Сергазієвим К.С., 30.03.2022 в період часу з 13  по 15 годину перебуваючи на проїжджій частині дороги біля автомобіля «Audi-100», реєстраційний номер АІ 9869 ВК,  навпроти будинку № 132-А по вул. Яблунській в місті Буча, з метою спричинення смерті 
Трубчанінова В.О., вистрелили з наявної в них автоматичної стрілецької зброї в потерпілого, при цьому, чим вчинили умисне вбивство цивільної особи.";Буча;31.05.2024;2;1;вбивство;18_1_4;Нескородяний А.М.;ГСУ НПУ;Трубчанінов В.О.;1;;;02.07.2024;2;;;;;2024;202417;Мадгозієв Бахріддін Фарходович, 10.04.1999 у с. Пангаз Аштського району  Согдійської області Республіка Таджикистан, заступник командира бойової машини 3-ї парашутно-десантної роти 1 БТГ;234 ДШП 76-ї ДШД ПДВ ЗС РФ, в/ч 74268;Ні;;ч. 1 ст. 28 ч. 2 ст. 438;;Буча;31.05.2024;;;;;;;;;;;;;;;;;2024; 18;Гриненко Денис Андрійович, 14.11.1997 у с. Коксові гори Ростовської області РФ, старшина 2-ї САБ 2 БТГ.;234 ДШП 76-ї ДШД ПДВ ЗС РФ, в/ч 74268;Ні;№ 12024000000001091;ч. 1 ст. 28 ч. 1 ст. 438;"Гриненко Д.А. 16.03.2022 перебуваючи на території подвір’я житлового будинку № 8-А по вулиці Тарасівська в місті Буча, з мотивів ненависті до осіб, які мають проукраїнські погляди, з метою спричинення тілесних ушкоджень Мельничуку О.Г., діючи групою осіб з Горєловим О.Ю., Моругіним В.В. та іншими в-цями ЗС РФ, після нанесення Горєловим О.Ю. двох ударів правою рукою по лівій частині обличчя потерпілого Мельничука О.Г., наніс два удари прикладом автоматичної зброї в район грудної клітки потерпілого, після чого Моругін В.В. наніс удар ногою в район паху потерпілого, чим Мельничуку О.Г. заподіяно невстановлені тілесні ушкодження та фізичні страждання.
Горєлов О.Ю. 16.03.2022, з мотивів ненависті до осіб, які мають проукраїнські погляди, з метою спричинення смерті Мельничука О.Г., віддав  наказ на вбивство  останнього. В результаті чого Моругін В.В., перебуваючи в підпорядкуванні у Горєлова О.Ю., виконав вказаний  наказ та здійснив розстріл із автоматичної зброї Мельничука О.Г.";Буча;31.05.2024;3;2;жорстоке поводження;18_1_4;Нескородяний А.М.;ГСУ НПУ;Мельничук О.Г.;1;;;02.07.2024;3;;;;;2024;202419;Горєлов Олексій Юрійович, 15.05.1992 у м. Кам’янка Пензенської області РФ, командир 2-ї САБ 2 БТГ.;;Так;;ч. 1 ст. 28 ч. 1 ст. 438, ч. 2 ст. 438;;Буча;31.05.2024;;;вбивство та жорстоке поводження;;;;;;;;;;;;;;2024; 20;Моругін Вадим Володимирович, 04.02.2001 у м. Воронеж Воронезької області РФ, старший стрілець-сапер 6-ї ДШР 2 БТГ;;Ні;;ч. 1 ст. 28 ч. 1 ст. 438, ч. 2 ст. 438;;Буча;31.05.2024;;;вбивство та жорстоке поводження;;;;;;;;;;;;;;2024; 21;Данаєв Володимир Володимирович, 25.12.1991 у м. Лагань Республіки Калмикія РФ, заступник командира 3-ї парашутно-десантної роти – інструктор із повітряно-десантної підготовки 1 БТГ. ;234 ДШП 76-ї ДШД ПДВ ЗС РФ, в/ч 74268;Так;№ 12024000000001089;ч. 2 ст. 438;Данаєв В.В. разом Наврузалієвим А.І. 25.03.2022 приблизно о 10:30 перебуваючи поблизу домоволодіння № 16 по провулку Остапа Вишні міста Буча, з мотивів ненависті до українців, які протистоять російсько-окупаційним військам та надають підтримку силам безпеки і оборони України, з метою спричинення смерті Єреміча О.С., здійснили умисне вбивство Єреміча О.С., при цьому Данаєв В.В. особисто здійснив усунення перешкод та надав допомогу для вчинення вбивства, забезпечивши блокування території поблизу вбивства, контроль інших осіб та обстановкою безпосередньо перед вбивством та під час його вчинення, старший лейтенант Наврузалієв А.І., здійснив розстріл із автоматичної зброї Єреміча О.С.;Буча;31.05.2024;2;1;вбивство;18_1_4;Нескородяний А.М.;ГСУ НПУ;Єреміч О.С.;1;;;02.01.2025;2;;;;;2024;202522;Наврузалієв Аділ Імрамович, 30.06.1995 у м. Кізляр Республіки Дагестан, командир взводу 3-ї парашутно-десантної роти 1 БТГ.;;Так;;;;Буча;21.10.2024;;;;;;;;;;;;;;;;;2024; 23;;234 ДШП 76-ї ДШД ПДВ ЗС РФ, в/ч 74268;;№ 12025000000000500;ч. 2 ст. 15 ч. 2 ст. 438;Наврузалієв А.І. 18.03.2022 року о 10 годині 15 хвилин, перебуваючи за адресою: м. Буча, вул. Яблунська, 98, з метою спричинення смерті Заведецькому Г.П. здійснив не менше двох пострілів з автоматичної зброї у потерпілого, в результаті чого останні втратив свідомість та впав на підлогу, після чого Наврузалієв А.І. вважаючи, що досяг своєї злочинної мети, виконавши усі дії, необхідні на його думку для спричинення смерті потерпілого, завершив свої злочинні дії та залишив місце події. Смерть потерпілого не настала з причин, що не залежали від волі Наврузалієва А.І. Внаслідок вказаних умисних дій Заведецькому Г.П. спричинено тілесні ушкодження середнього ступеню тяжкості. Таким чином, Наврузалієв А.І. вчинив закінчений замах на умисне вбивство Заведецького Г.П.;Буча;29.01.2025;;1;вбивство;18_1_4;Нескородяний А.М.;ГСУ НПУ;Заведецький Г.П. ;;;;31.03.2025;1;;;;;2025;202524;Хоменко Олександр Володимирович, 02.05.1982 у с. Середнє-біле Іванівського району Амурської області РФ, командир САД;234 ДШП 76-ї ДШД ПДВ ЗС РФ, в/ч 74268;Так;№12024000000000791;ч. 2 ст. 438;Хоменко О.В. 16.03.2022 перебуваючи біля хвіртки домоволодіння №1/1 по вулиці Тарасівській в місті Буча, з метою спричинення смерті Мазосі Н.В., Мазосі В.П. та Єршовій К.Д., здійснив прицільний вогонь з наявної в нього автоматичної стрілецької зброї в напрямку Мазохи Н.В. та Єршової К.Д., які перебували в районі  веранди,  пройшов  на територію  двору, де здійснив  повторну стрільбу у  напрямку Мазохи Н.В. і Єршової К.Д. та відкрив прицільний  вогонь у напрямку Мазохи В.П., який  перебував в  районі вхідних дверей будинку, чим здійснив умисне вбивство цивільних осіб.;Буча;06.04.2024;1;1;вбивство;18_1_4;Нескородяний А.М.;ГСУ НПУ;Мазоха Н.В., Мазоха В.П., Єршова К.Д.;3;;;;;;;;;2024; 25;Єдрьонкін Дмитро Володимирович, 18.01.1997 у м. Трубчевськ Брянської області РФ, командир взводу 3-ї повітряно-десантної роти 1 БТГ;234 ДШП 76-ї ДШД ПДВ ЗС РФ, в/ч 74268;Так;№ 12024000000002098;ч. 3 ст. 15 ч. 2 ст. 438, ч. 2 ст. 438;Єдрьонкін Д.В. 29.03.2022 приблизно о 10 годині, перебуваючи біля краю будинку № 17 по вул. Яблунській в місті Буча, з метою спричинення смерті Стрільця А.І. та Єрьомина О.С., відкрив вогонь на ураження в напрямку потерпілих, у результаті чого вбив Стрільця А.І. та поранив Єрьомина О.С., який встиг заховатися у підїзд, чим вчинив замах на вбивство останнього.;Буча;05.10.2024;1;1;напад;18_1_4;Нескородяний А.М.;ГСУ НПУ;Стрілець А.І. Єрьомин О.С.;1;1;10.02.2025 (смерть підозрюваного);;;;;;;2024; 26;Тарєєв Артем Андрійович, 12.08.1995 у м. Рязань Рязанської області РФ, командир розвідки – командир розвідувального взводу 1 БТГ;234 ДШП 76-ї ДШД ПДВ ЗС РФ, в/ч 74268;Так;№ 12025000000000084;ч. 2 ст. 438;Тарєєв А.А. не пізніше 05.03.2022 віддав наказ о/с розвідувального взводу знищувати всіх осіб, які будуть перебувати у секторі їх відповідальності. У результаті виконання наказу в-ми взводу розвідки в період з 05.03.2022 по 09.03.2022  вчинено серію нападів на цивільних осіб, що спричинило загибель Фількіної І.С., Бровченка В.В., Каменевої Ж.С., Міщенко А.Ю., Міщенко Т.Ф., Ільчук М.А., Коваленка М.В., Рассказова Р.М., Верби О.А., Романюка М.В., Самченка І.В., Виноградова В.В., Грищенка О.В., невстановленого чоловіка №312, Панімаша Т.М., Валька П.А., тілесні ушкодження Коваленко Н.І., моральні страждання Костюченку С.П. та Смаглюку О.А. ;Буча;28.12.2024;1;1;напад;18_1_4;Нескородяний А.М.;ГСУ НПУ;Фількіна І.С., Бровченко В.В., Каменева Ж.С., Міщенко А.Ю., Міщенко Т.Ф., Ільчук М.А., Коваленко М.В., Рассказов Р.М., Верба О.А., Романюк М.В., Самченко І.В., Виноградов В.В., Грищенко О.В., невстановлений чоловік №312, Панімаш Т.М., Валько П.А., Коваленко Н.І., Костюченко С.П.  Смаглюк О.А.  ;16;4;;;;;;;;2024; 27;Карташев Микола Євгенович, 13.05.2002 у м. Гуково Ростовської області РФ, старший навідник самохідної артилерійської гармати 2С9 «Нона-С» 1-ї самохідної артилерійської батареї 1 БТГ;234 ДШП 76-ї ДШД ПДВ ЗС РФ, в/ч 74268;Ні;№ 22023101110000363;ч. 2 ст. 438;За наказом командира батареї Цвєткова В.А. спільно із Антонніковим Д.Є., Горшковим Р.О., Деркачем А.В., Монаховим Д.Д. спільно з Карташевим М.Є. 27.02.2022 здійснив напад на цивільну особу, що спричинило загибель Колутнова В.О.;Буча;25.07.2023;5;1;напад;18_1_3;Нечиталюк М.М.;ГСУ НПУ;Колтунов В.О.;1;;;20.09.2023;1;;;;;2023;202328;"Антонніков Дмитро Євгенійович, 04.01.1996 у м. Константиновськ Ростовської області РФ, командир самохідної артилерійської гармати 2С9 «Нона-С» 1 БТГ; ";;Ні;№ 12023000000001767;;;Буча;08.09.2023;;;;18_1_3;;;;;;;30.10.2023;4;;;;;2023;202329;"Горшков Руслан Олександрович, 04.01.2003 у Родіоново-Несвітайській слободі Родіоново-Несвітайського району Ростовської області РФ, старший розвідник-далекомірник 1 БТГ; ";;Ні;;;;;;;;;;;;;;;;;;;;;; ; 30;"Деркач Артем Валентинович, 20.06.2003 року в смт. Олександрівка Олександрівського району Донецької області, заряджаючий самохідної артилерійської гармати 2С9 «Нона-С» 1 БТГ; ";;Ні;;;;;;;;;;;;;;;;;;;;;; ; 31;Монахов Денис Дмитрович, 11.11.1997 в с. Палкіно Псковської області РФ, заступник командира взводу – командир самохідної артилерійської гармати 2С9 «Нона-С» 1 БТГ;;Ні;;;;;;;;;;;;;;;;;;;;;; ; 32;;234 ДШП 76-ї ДШД ПДВ ЗС РФ, в/ч 74268;Ні;№ 12024000000001515;ч. 2 ст. 438;В один із днів 23.03.2022 чи 24.03.2022 Монахов Д.Д. заподіяв насильницьку смерть Сулимі О.А.;Буча;13.07.2024;;1;вбивство;18_1_3;Нечиталюк М.М.;ГСУ НПУ;Сулима О.А.;1;;;28.08.2024;1;;;;;2024;202433;;234 ДШП 76-ї ДШД ПДВ ЗС РФ, в/ч 74268;Ні;№ 12024000000000614 ;ч. 2 ст. 438;Монахов Д.Д. і Шаповалов Є.М. 19.03.2022 здійснили напад на цивільну особу, що спричинило загибель Тхоржевського Ю.О. ;Буча;29.02.2024;;1;напад і вбивство;18_1_3;Нечиталюк М.М.;ГСУ НПУ;Тхоржевський Ю.О.;1;;;22.05.2024;2;;;;;2024;202434;Шаповалов Євгеній Миколайович, 21.09.1985 в Ошській області Киргизької Республіки, заступник командира 2-го самохідно-артилерійського взводу – командир самохідної артилерійської гармати  2С9 «Нона-С» 1 БТГ;;Ні;;;;;;1;;;18_1_3;;;;;;;;;;;;; ; 35;Акімов Нікіта Олексійович, 04.11.1996, м. Комсомольск-на-Амуре, Хабаровський край Російської Федерації;64-та окрема гвардійська мотострілецька бригада, в/ч 51460;Ні;№ 12022111050001741;ч. 1 ст. 438;13.03-19.03.2022 на території м. Буча Київської області Акімов Н.О. жорстоко поводився з цивільним населенням, а саме: жителями м. Буча Олійніченком О.В. та Ференсом Ю.В. Підозрюваний погрожував їм вбивством, шляхом підриву бойової гранати, стріляв у їх сторону. Це супроводжувалось нанесенням численних ударів ногами, руками та прикладом автомата по тілу потерпілих;Буча;28.04.2022;1;2;жорстоке поводження, незаконне позбавлення волі;Бучанська окружна прокуратура;Савчук С.В.;Бучанське РУП ГУ НПУ в Київській області;Олійніченко О.В. Ференс Ю.В. ;;2;;13.09.2022;1;06.03.2024 визнано винним 1/438 10 р. п/в;1;;;2022;202236;Лазарєв Артем Петрович, 02.08.1990, Омська область, Таврійський район, с. Приіртишшя, РФ;"656-й полк оперативного призначення
в/ч 6720 військ НГ РФ";Ні;№ 12022111050001747;ч. 1 ст. 438, ч. 4 ст. 27 ч. 2 ст. 111;"11.03.2022 року приблизно о 17:00 військовослужбовець ЗС РФ Лазарєв А.П., діючи умисно разом з іншими невстановленими на даний час військовими РФ, що були йому підпорядковані, будучи озброєні автоматичною вогнепальною зброєю, на гусеничній та колісній військовій техніці, серед яких були бойові машини десанту, прибули до адміністративної будівлі КНП «Ірпінська центральна міська лікарня», що розташована за адресою: Київська область, Бучанський район, м. Буча, вул. Польова, 19.
Лазарєв А.П. віддав злочинний наказ озброєним автоматичною вогнепальною зброєю підпорядкованим невстановленим на даний час військовослужбовцям ЗС РФ зайняти та блокувати входи та виходи, чим фактично здійснив захоплення будівлі та обмежив свободу пересування персоналу, що у подальшому використав для залякування та здійснення психологічного тиску на керівництво медичного закладу";Буча;31.05.2022;1;1;захоплення заручників державна зрада;Бучанська окружна прокуратура;Шубчик С.С.;Бучанське РУП ГУ НПУ в Київській області;"Довгопол А.М. 
Левчук В.О.
Скакалова Л.М.
Чернякова Н.І.
Алєксєєва А.А.
Скакалова Р.Т.
Дученко Т.Б.";;;;;;;;;;2022; 37;Медведєв Андрій Валерійовіич, 26.02.1990, с. Матіно, Кашинского району Тверської області, РФ;104 ДШП 76 ДШД ПДВ, в/ч 32515;Ні;№ 12023000000000154;ч. 2 ст. 28 ч. 1 ст. 438;"04.03.2022 у м. Буча Київської області військовослужбовці в/ч 32515 а саме: командир відділення сержант Вісєлков О.О., старший стрілок-розвідник єфрейтор Медведєв A.B. та інші невстановлені військовослужбовці, за наказом заступника командира вказаного підрозділу Умивакіна І.І., затримали місцевих мешканців Литвина О.В., Литвина Ю.В., Татарчука М.В., Алієва Р.М., Школьненка К.В. і Синицького В.А. Зазначеним цивільним особам вказані військовослужбовці зв’язали мотузкою руки, застосовуючи фізичне насильство поєднане із погрозами застосування автоматичної вогнепальної зброї незаконно проводили їх допити в приміщеннях дочірнього підприємства АТП ""Транском"" і в ДУ ДПЗОВ «Променистий», розташованих у м. Буча та незаконно позбавили їх волі, помістивши до підвального приміщення, розташованого на території ДУ ДПЗОВ «Променистий».";Буча;30.03.2023;1;1;жорстоке поводження;ОГП Мустеца І.В.;Коваль О.В.;ГСУ НПУ;Литвин О.В., Литвин Ю.В., Татарчук М.В., Алієв Р.М., Школьненко К.В. і Синицький В.А.;;6;;21.08.2023;1;;;;;2023;202338;;104 ДШП 76-та ДШД РФ, в/ч 32515;Ні;№ 12023000000000203;ч. 2 ст. 28 ч. 1 ст. 438;"03.03.2022 Медведєв А.В. в порушення основних норм міжнародного права переслідуючи мету виявлення патріотично налаштованих громадян України, незаконно проник на територію Ірпінського військового госпіталю, що розташований по вул. 11-а лінія, 1 в м. Ірпінь Київської області на території якого виявили двох цивільних осіб – Яковенка О.М. та Казимова Р.Г., з метою отримання певних відомостей від потерпілих здійснив їх допит, з погрозою застосування вогнепальної зброї, яку він тримав і направляв у бік потерпілих, спричинивши моральних і психічних страждань. 
Крім того у другій половині березня 2022 Медведєв А.В. разом з Віселковим О.О. та невстановленими військовослужбовцями зс рф проникли до приватного будинку за адресою: Київська обл., Бучанський р-н., м. Ірпінь, вул. Кошового 66, де побили цивільну особу Петренка О.О. та здійснили імітацію розстрілу медичного закладу.";Ірпінь;16.01.2023;1;2;жорстоке поводження;ОГП Мустеца І.В.;Ковальов І.І.;ГСУ НПУ;Петренко О.О. Яковенко О.М. Казимов Р.Г.;;3;;29.03.2023;1;;;;;2023;202339;Валієв Герогій Муратович, 18.11.1995, рф;56 ГДШ               в/ч 74507;Ні;№ 12023000000000382;ч. 1 ст. 438;"перебуваючи у селі Блиставиця Бучанського району Київської області, увійшов на територію приватного домоволодіння №82 по вул. Соборній, після чого проник до будинку, що перебуває у приватній власності цивільної особи Прокаєвої О.Ю., протиправно заволодів особистими речами потерпілої. Відступаючи складі свого підрозділу північному напрямку
України, вивіз на територію Республіки Білорусь";Блиставиця;18.08.2022;1;1;розграбування;ОГП Мустеца І.В.;Синюк Д.О.;ГСУ НПУ;Прокаєва О.Ю.;;;;;;;;;;2022; 40;Діль Андрій Давидович, 07.03.1986, Алтайський край, РФ, військовослужбовець;Росгвардія в/ч 6720 ;Ні;№ 12023000000000383;ч. 1 ст. 438;Діючи з метою особистого збагачення, Діль А.Д., перебуваючи у селі Блиставиця Бучанського району Київської області, усвідомлюючи, що між російською федерацією та Україною триває міжнародний збройний конфлікт, самовільно увійшов на території приватного домоволодіння № 48 по вул. Соборній, що перебуває у приватній власності цивільної особи Костащука В.М., де в одному з прибудинкових приміщень протиправно заволодівречами потерпілого, тобто вчинив пограбування. Відступаючи в складі свого підрозділу, вивіз на територію Республіки Білорусь;Блиставиця;07.06.2022;1;1;розграбування;ОГП Мустеца І.В.;Синюк Д.О.;ГСУ НПУ;Костащук В.М.;;;;;;;;;;2022; 41;Дмитрієв Олексій Миколайович, 30.03.1974, Алтайський край, м. Рубцовськ, РФ, військовослужбовець;46 кулеметно-артелерійський полк в/ч 71435;Ні;№ 12023000000000384;ч. 1 ст. 438;"Діючи з метою особистого збагачення, Дмитрієв О.М., перебуваючи у селі Блиставиця Бучанського району Київської області, усвідомлюючи, що між Російською Федерацією та Україною триває міжнародний збройний конфлікт самовільно увійшов на територію приватного домоволодіння № 35-А по вул. Соборній, після чого невстановленим слідством способом проник до будинку, що перебуває у приватній власності цивільної особи Телько Т.В., та протиправно заволодів речами потерпілої. Відступаючи складі свого підрозділу північному напрямку
України, вивіз на територію Республіки Білорусь";Блиставиця;18.08.2022;1;1;розграбування;ОГП Мустеца І.В.;Синюк Д.О.;ГСУ НПУ;Телько Т.В.;;;;;;;;;;2022; 42;Єфаркін Іван Миколайович, 01.08.1988, РФ, військовослужбовець;Росгвардія           в/ч 6720 ;Ні;№ 12023000000000385;ч. 1 ст. 438;"Діючи з метою особистого збагачення, Єфаркін І.М., перебуваючи у селі Блиставиця Бучанського району Київської області, усвідомлюючи, що між російською федерацією та Україною триває міжнародний збройний конфлікт, самовільно увійшов на територію приватного домоволодіння № 63 по вул.Соборній, що перебуває у приватній власності цивільної особи Семка С.М., після чого проник всередину будинку, де протиправно заволодів речами потерпілого, тобто вчинив пограбування. Відступаючи складі свого підрозділу північному напрямку
України, вивіз на територію Республіки Білорусь";Блиставиця;07.06.2022;1;1;розграбування;ОГП Мустеца І.В.;Синюк Д.О.;ГСУ НПУ;Семка С.М.;;;;;;;;;;2022; 43;Жумалін Дмитро Іванович, 16.03.1994, Алтайський край, Єгор'євський район, с.  Новоєгор'євське, РФ, військовослужбовець;Росгвардія           в/ч 6720 ;Ні;№ 12023000000000386;ч. 1 ст. 438;"Діючи з метою особистого збагачення, Жумалін Д.І., перебуваючи у селі Блиставиця Бучанського району Київської області, усвідомлюючи, що між російською федерацією та Україною триває міжнародний збройний конфлікт, самовільно увійшов на територію приватного домоволодіння № 63 по вул.Соборній, що перебуває у приватній власності цивільної особи Семка С.М., після чого проник всередину будинку, де протиправно заволодів речами потерпілого, тобто вчинив пограбування. Відступаючи складі свого підрозділу північному напрямку
України, вивіз на територію Республіки Білорусь";Блиставиця;07.06.2022;1;1;розграбування;ОГП Мустеца І.В.;Синюк Д.О.;ГСУ НПУ;;;;;;;;;;;2022; 44;Фатнєв Микита Павлович, 08.11.1985, м. Рубцовськ, Алтайський край, РФ, військовослужбовець;Росгвардія           в/ч 6720 ;Ні;№ 12023000000000388;ч. 1 ст. 438;"Діючи з метою особистого збагачення, Фатнєв М.П., перебуваючи у селі Блиставиця Бучанського району Київської області, усвідомлюючи, що між Російською Федерацією та Україною триває міжнародний збройний конфлікт самовільно увійшов на територію приватного домоволодіння № 112-А по вул. Соборній, що перебуває у приватній власності цивільної особи Ковнацької Ю.В., після чого проник всередину будинку, де протиправно заволодів речами потрепілої. Відступаючи складі свого підрозділу північному напрямку
України, вивіз на територію Республіки Білорусь";Блиставиця;07.06.2022;1;1;розграбування;ОГП Мустеца І.В.;Синюк Д.О.;ГСУ НПУ;Ковнацька Ю.В.;;;;16.05.2024;1;;;;;2022;202445;Карташов Олексій Володимирович, 25.11.1990, м. Томськ, РФ, військовослужбовець;Росгвардія           в/ч 6720 ;Ні;№ 12023000000000389;ч. 1 ст. 438;Діючи метою особистого збагачення Карташов О.В., перебуваючи в селі Мироцьке Бучанського району Київської області, усвідомлюючи. що між Російською Федерацією та Україною триває міжнародний збройний конфлікт самовільно увійшов на територію приватного домоволодіння 4-А по вуцл. Шевченка, що перебувас приватній власності цивільної особи Курдас В.М. проник усередину будинку, де протиправно заволодів її одягом та взуттям, що належать останній. тобто вчинив пограбування. Відступаючи складі свого підрозділу північному напрямку України, вивіз на територію Республіки Білорусь;Мироцьке;07.06.2022;1;1;розграбування;ОГП Мустеца І.В.;Синюк Д.О.;ГСУ НПУ;Курдас В.М.;;;;31.01.2025;1;;;;;2022;202546;Міхальов Данило Віталійович, 05.11.2000, Алтайський край, м. Рубцовськ, РФ, військовослужбовець;Росгвардія           в/ч 6720 ;Ні;№ 12023000000000390;ч. 1 ст. 438;Діючи з метою особистого збагачення, Міхальов Д.В., перебуваючи у селі Блиставиця Бучанського району Київської області, усвідомлюючи, що між Російською Федерацією та Україною триває міжнародний збройний конфлікт самовільно увійшов на територію приватного домоволодіння № 45-Д по вул. Соборній, що перебуває у приватній власності Сови О.А., після чого проник всередину будинку, де протиправно заволодів наступним:майном потерпілого, тобто вчинив пограбування.;Блиставиця;07.06.2022;1;1;розграбування;ОГП Мустеца І.В.;Синюк Д.О.;ГСУ НПУ;Сова О.А.;;;;05.04.2024;1;;;;;2022;202447;Петриченко Владислав Олександрович, 17.08.1992, РФ, військовослужбовець;Росгвардія           в/ч 6720 ;Ні;№ 12023000000000392;ч. 1 ст. 438;З 24.02.2022 по 31.03.2022 самостійно, самовільно та безперешкодно увійшов на територію приватного домоволодіння № 98 по вул. Соборній, після чого невстановленим слідством способом проник до будинку, що перебуває у приватній власності цивільної особи Сердюка С.Л., де, скориставшись тим, що в будинку нікого немає та за його діями ніхто не спостерігає, протиправно заволодів особистими речами, що належать останньому.;Блиставиця;18.08.2022;1;1;розграбування;ОГП Мустеца І.В.;Синюк Д.О.;ГСУ НПУ;Сердюк С.Л.;;;;;;;;;;2022; 48;Семенов Ілля Іванович, 04.04.1993, Красноярський карй, м. Желєзногорськ, РФ, військовослужбовець;Росгвардія           в/ч 6720 ;Ні;№ 12023000000000394;ч. 1 ст. 438;Діючи з метою особистого збагачення, перебуваючи у селі Блиставиця Бучанського району Київської області, самостійно, самовільно та безперешкодно увійшов на територію приватного домоволодіння № 123 по вул. Соборній, після чого невстановленим слідством способом проник до будинку, що перебуває у приватній власності цивільної особи Пилипенко О.Д., де, скориставшись тим, що в будинку нікого немає та за його діями ніхто не спостерігає, протиправно заволодів особистими речами, що належать останньому.;Блиставиця;18.08.2022;1;1;розграбування;ОГП Мустеца І.В.;Синюк Д.О.;ГСУ НПУ;Пилипенко О.Д.;;;;;;;;;;2022; 49;Сідоров Павло Сергійович, 27.11.1995, Російська Федерація, військовослужбовець;Росгвардія           в/ч 6720 ;Ні;№ 12023000000000395;ч. 1 ст. 438;"Діючи з метою особистого збагачення, Сідоров П.С., перебуваючи у селі Блиставиця Бучанського району Київської області, усвідомлюючи, що між російською федерацією та Україною триває міжнародний збройний конфлікт, самовільно увійшов на територію приватного домоволодіння № 63 по вул.Соборній, що перебуває у приватній власності цивільної особи Семка С.М., після чого проник всередину будинку, де протиправно заволодів речами потерпілого, тобто вчинив пограбування. Відступаючи складі свого підрозділу північному напрямку
України, вивіз на територію Республіки Білорусь";Блиставиця;07.06.2022;1;1;розграбування;ОГП Мустеца І.В.;Синюк Д.О.;ГСУ НПУ;Семка С.М.;;;;;;;;;;2022; 50;Собянін Артем Миколайович, 21.10.1989, Алтайский край, м. Рубцовськ, РФ, військовослужбовець;Росгвардія           в/ч 6720 ;Ні;№ 12023000000000396;ч. 1 ст. 438;Діючи з метою особистого збагачення, Собянін А.М., перебуваючи у селі Мироцьке Бучанського району Київської області, усвідомлюючи, що між російською федерацією та Україною триває міжнародний збройний конфлікт самовільно увійшов на територію приватного домоволодіння № 4 по вул. Шевченка, що перебуває у приватній власності цивільної особи Самойленко А.В., після чого проник всередину будинку, де протиправно заволодів наступним одягом та речами потерпілої, тобто вчинив пограбування. Відступаючи складі свого підрозділу північному напрямку України, вивіз на територію Республіки Білорусь;Мироцьке;07.06.2022;1;1;розграбування;ОГП Мустеца І.В.;Синюк Д.О.;ГСУ НПУ;Самойленко А.В.;;;;31.01.2025;1;;;;;2022;202551;Філімонов Денис Сергійович, 23.01.1980, Алтайський край, м. Рубцовськ, РФ, військовослужбовець;Росгвардія           в/ч 6720 ;Ні;№ 12023000000000397;ч. 1 ст. 438;Філімонов Д.С. перебуваючи у с. Блиставиця Бучанського р-ну Київської обл., усвідомлюючи, що між російською федерацією та Україною триває міжнародний збройний конфлікт, самовільно увійшов на територію приватного домоволодіння № 92 по вул. Соборній, що перебуває у приватній власності цивільної особи Оборського Д.М., де в приміщенні шиномонтажу протиправно заволодів  інструментом що належать потерпілому, тобто вчинив пограбування.;Блиставиця;07.06.2022;1;1;розграбування;ОГП Мустеца І.В.;Синюк Д.О.;ГСУ НПУ;Оборський Д.М.;;;;05.04.2024;1;;;;;2022;202452;Шулайкін Микола Миколайович, 09.04.1986, Російська Федерація;;Ні;№ 12023000000000398;ч. 1 ст. 438;Зі ЗМІ стало відомо, що військовослужбовці рф, вчиняють незаконні дії, що виразились у порушенні законів та звичаїв війни, що передбачені міжнародними договорами, згода на обов’язковість яких надана Верховною Радою України;Блиставиця;18.08.2022;1;;;ОГП Мустеца І.В.;Синюк Д.О.;ГСУ НПУ;;;;;;;;;;;2022; 53;Вісєлков Олександр Олександрович, 14.04.1991, Республіка Киргизстан, командир 2-го відділення розвідвзводу 1-го БТГр ;104 ДШП 76 ДШД ПДВ, в/ч 32515;Ні;№ 12023000000001477;ч. 1 ст. 438;"04.03.2022 у м. Буча Київської області військовослужбовці 1 батальйону 104-го гвардійського десантно-штурмового червоного прапора полку (в/ч 32515) 76 десантно-штурмової дивізії повітрянодесантних військ збройних сил російської федерації, а саме: командир відділення сержант Вісєлков О.О., старший стрілок-розвідник єфрейтор Медведєв A.B. та інші невстановлені військовослужбовці, за наказом заступника командира вказаного підрозділу Умивакіна І.І., затримали місцевих мешканців Литвина О.В., Литвина Ю.В., Татарчука М.В., Алієва Р.М., Школьненка К.В. і Синицького В.А. Зазначеним цивільним особам вказані військовослужбовці зв’язали мотузкою руки, застосовуючи фізичне насильство поєднане із погрозами застосування автоматичної вогнепальної зброї незаконно проводили їх допити в приміщеннях дочірнього підприємства АТП ""Транском"" і в ДУ ДПЗОВ «Променистий», розташованих у м. Буча та незаконно позбавили їх волі, помістивши до підвального приміщення, розташованого на території ДУ ДПЗОВ «Променистий».";Буча;01.02.2024;1;1;фізичне насильство, незаконне позбавлення волі;ОГП Мустеца І.В.;Коваль О.В.;ГСУ НПУ;Литвин О.В., Литвин Ю.В., Татарчук М.В., Алієв Р.М., Школьненко К.В. і Синицький В.А;;;;28.06.2024;1;;;;;2024;202454;;104 ДШП 76 ДШД ПДВ, в/ч 32515;Ні;№ 22022101110001170;ч. 1 ст. 28 ч. 1 ст. 438, ч. 2 ст. 438;12.03.2022, у період близько 14.00 - 15.00 год., командир розвідвзводу 1-го БТГр 104 ДШП 76 ДШД ПДВ РФ Муссагалеєв Нурсултан Серкбаєвич, знаходячись у лісосмузі поряд з проїжджою частиною автодороги біля с. Дмитрівка Бучанського району Київської області, усвідомлюючи суспільно небезпечний характер своїх дій, свідомо бажаючи настання суспільно небезпечних наслідків, порушуючи вищевказані закони та звичаї війни, віддав наказ підлеглим військовослужбовцям ЗС РФ, які перебували в його підпорядкуванні, а саме, Вісєлкову О.О. та заступнику командира взводу снайперів, старшому сержанту Колесникову О. застосувати до громадянина України Фіцнера І.І. моральний і фізичний примус та залякати останнього з метою отримання від нього відомостей, а також позбавити волі та вбити останнього, який був цивільною особою та при цьому був без зброї і не ніс ніякої загрози військовослужбовцям ЗС РФ, внаслідок чого Фіцнер І.І. підданий фізичному і моральному примусу військовослужбовцями ЗС РФ Колесником О. та Вісєлковим О.О. та у подальшому вбитий Вісєлковим О.О.;Дмитрівка;03.10.2023;2;3;вбивство;Київська обласна прокуратура;Калюс О.В.;СУ ГУ СБУ у м. Києві та Київській області;Фіцнер І.І.;1;;;29.02.2024;3;;;;;2023;202455;Муссагалеєв Нурсултан Серкбаєвич, 25.06.1995, рф, командир розвщвзводу 1-го БТГр      ;104 ДШП 76 ДШД ПДВ, в/ч 32515;Ні;;;;;;;;жорстоке поводження, незаконне позбавлення волі;;;;;;;;;;;;;; ; 56; Колесников Олексій Миколайович,  27.07.1980, рф, заступник командира взводу снайпертв 1-го повітрянодесантного батальйону;104 ДШП 76 ДШД ПДВ, в/ч 32515;Ні;;;;;;;;;;;;;;;;;;;;;; ; 57;Ситенко Андрій Вікторович, 23.10.1992, Омська область Седельниківський район с. Голобівка, РФ, командир гармати 1 самохідної артилерійської батареї;234 ДШП 76-ї ДШД ПДВ ЗС РФ, в/ч 74268;Ні;№ 12023000000001981;ч. 1 ст. 438;В період часу з 00 год. до 02 год. 08.03.2022, Ситенко А.В., будучи озброєним та перебуваючи в стані алкогольного сп’яніння, маючи на меті вчинити насильницькі дії сексуального характеру стосовно Голенко Н.О., діючи умисно, усвідомлюючи, що остання є цивільною особою та буде підпорюватись будь-яким вимогам внаслідок погроз та обстановки, застосувавши фізичне насильство, яке виразилось у заломленні рук та тримаючи за волосся, потягнув Голенко Н.О. до кімнати, після чого, наніс долонею руки удар по обличчю, штовхнув її на ліжко та почав душити за шию. Продовжуючи свій злочинний умисел, направлений на вчинення насильницьких дій сексуального характеру, Ситенко А.В. з?валтував Голенко Н.О;Буча;12.07.2024;1;1;СНПК;18_5_1;Мисяк В.М.;ГСУ НПУ;Голенко Н.О.;;1;;23.10.2024;1;;;;;2024;202458;Чалов Микита Юрійович, 03.09.1998, м. Усольє-Сибірське, Іркутська область, РФ, військовослужбовець;104 ДШП 76 ДШД ПДВ, в/ч 32515;Ні;№ 22022101110000222;ч. 2 ст. 438;"05.03.2022 приблизно о 07 год. 16 хв. в м. Буча, Бучанського району, Київської області, по вулиці Леха Качинського, 3, навпроти заводу «ЮТЕМ» військовослужбовець збройних сил та інших військових формувань російської федерації Чалов Микита Юрійович, 03.09.1998 р.н. у порушення законів та звичаїв війни, будучи навідником-оператором БМД-2, умисно  розстріляв цивільні автомобілі, в яких перебували цивільні особи. Внаслідок розстрілу автомобілю марки «FORD C-MAX TREND» білого кольору д.н.з АІ4731НХ, належний Чикмарьовій В.Т. вартістю 254 520,00 грн., чим спричинено матеріальну шкоду останній під керуванням Чикмарьова Олександра Олександровича, 22.08.1979 р.н., який отримав чисельні травми лівого стегна, промежини та лівої нижньої щелепної ділянки (ампутовано ліву гомілку). Пасажири автомобіля, а саме дружина Чикмарьова Маргарита Олегівна, 27.03.1988 р.н., син Чикмарьов Матвєй Олександрович, 02.07.2012 р.н., син Чикмарьов Клім Олександрович, 13.04.2017 р.н. загинули в результаті обстрілу. Також внаслідок розстрілу
автомобілю марки «Dodge Journey» білого кольору д.н.з АІ9986ОТ, належний Товкач Ю.О., вартістю 394 776,00, чим спричинено шкоду останній, під керуванням Товкач Галини Романівни, 08.04.1966 р.н., остання отримала чисельні травми, її чоловік Товкач Олег Антонович, 27.02.1960 р.н. загинув на місці події та Коваленко Тетяна Василівна, 27.09.1968 р.н., отримала тілесні ушкодження у вигляді вогнепального поранення правого плеча, правої гомілки. ";Буча;27.05.2023;1;2;вбивство;ОГП Мустеца І.В.;Цукарєва В.А.;ГСУ НПУ;Чикмарьов О.О. Чикмарьова М.О. Чикмарьов М. О Чикмарьов К.О.   Товкач Г.Р.   Товкач О.А. Коваленко Т.В.;4;3;;27.05.2023;1;;;;;2023;2023;;;;;;;;;;;жорстоке поводження;;;;;;;;;;;;;; ; 59;Досягаєв Олександр Сергійович, 23.06.1986, Російська Федерація, Псковська область, м. Псков, командир батальону;104 ДШП 76 ДШД ПДВ, в/ч 32515;Ні;№ 22022101110000383;ч. 2 ст. 438;04.03.2022 представники збройних формувань російської федерації вчинили умисне убивство Асаулова В.М., 21.11.1957 р.н. у м. Буча, внаслідок чого порушили закони та звичаї ведення війни.     04 .03.2022 близько 12 год. в місті Буча Київської області по вул. Києво-Мироцька військовослужбовці РФ шляхом застосування засобів ведення війни, заборонених міжнародним правом, іншого порушення законів та звичаїв війни, розстріляли цивільний автомобіль BMW Х5 чорного кольору д.н.з. АІ8404ОВ, у результаті чого умисно заподіяно смерті трьом волонтерам: Яланській Анастасії Володимирівні, 13.09.1995 р.н.,  Кузьменку Максиму Анатолійовичу, 20.08.1993 р.н., Устименку Сергію Валерійовичу, 02.12.1996 р.н. ( ЄО 2563 ;Буча;14.11.2023;1;1;вбивство;Київська обласна прокуратура;Калюс О.В.;СУ ГУ СБУ у м. Києві та Київській області;Асаулов В.М.    Яланська А.В. Кузьменко М.А. Устименко С.В.    ;4;;;28.02.2024;1;;;;;2023;202460;Біленко Максим Володимирович, 10.12.1987, м. Борзя Забайкальського Краю, рф, інструктор;36 ОМБ,  в/ч 06705;Ні;№ 22022101110000453;ч. 1 ст. 438;27 березня 2022 року військовослужбовець 36 окремої мотострілкової бригади, в/ч 06705, м. Борзя, сержант, інструктор Біленко Максим Володимирович під час перебування в м. Буча Бучанського району Київської області, неподалік будинку 3/3, за адресою: Київська обл., Бучанський район, м. Буча, вул. Жовтнева, завдав тілесні ушкодження громадянину України Лацибі Павлу Леонідовичу, 16.07.1984 р.н. шляхом пострілу в живіт зі стрілецької зброї.;Буча;03.05.2023;1;1;жорстоке поводження;Київська обласна прокуратура;Калюс О.В.;СУ ГУ СБУ у м. Києві та Київській області;Лациба П.Л.;;1;;28.06.2023;1;;;;;2023;202361;Балданов Баір Семенович, 15.04.1995, с. Догой Могойтуйський район, Читинська обл., рф, заступник командира бойової машини ;37 ОМСБр,            в/ч 69647;Ні;№ 22022101110000678;ч. 2 ст. 28 ч. 1 ст. 438;Систематично, протягом березня 2022 року військовослужбовцями збройних сил та інших військових формувань російської федерації, внаслідок застосування засобів ведення війни, заборонених міжнародним правом, що виразились у з?валтуванні, застосуванні фізичного та морального примусу, у тому числі залякуванні шляхом погроз фізичною розправою над Ковальчук Г.Д., вчинених за попередньою змовою групою осіб.;Буча;28.02.2023;9;1;СНПК;18_5_1;Романенко О.В.;ГСУ НПУ;Ковальчук Г.Д.;;1;;;;;;;;2023; 62;Раднатаров Олександр Борисович, 02.10.1988, с. Середній Харлун, Бічурський район, Республіка Бурятія, рф, гранатометник;;Ні;;;;;30.03.2023;;;;;;;;;;;;;;;;;2023; 63;Жугдуров Белікто Борисович, 15.01.1988, с. Цаган-Ола, Моготуйський район, Читинська область, рф, командир танка ;;Ні;;;;;30.03.2023;;;;;;;;;;;;;;;;;2023; 64; Холмурзаєв Кирил Сайдумарович, 13.03.2000, с. Обуса, Осинський район, Іркутська область, рф, рядовий санітар;;Ні;;;;;30.03.2023;;;;;;;;;;;;;;;;;2023; 65;Ардуєв Сунди Бадмаєвич, 19.06.1990, м. Кяхта Республіки Бурятії, рф, заступник командира бойвої машини                 ;;Ні;;;;;03.06.2023;;;;;;;;;;;;;;;;;2023; 66;Дугаржапов Очір Аюшевич, 19.05.1994, м. Улан-Уде Республіка Бурятія, РФ,  заступник командира взводу - командир міномета мінометної батареї  ;;Ні;;;;;03.06.2023;;;;;;;;;;;;;;;;;2023; 67; Осмоловський Іван Миколайович, 01.01.1984 ,с. Новоселенгинськ Селенгинського району Республіка Бурятія , рф, заступник командира взводу - командир міномету мінометної батареї;;Ні;;;;;03.06.2023;;;;;;;;;;;;;;;;;2023; 68;Банзаров Цибікжап Борисович, 19.06.1987, с. Кудара-Сомон Кяхтинський район Республіка Бурятія, рф, командир відділення мінометної батареї       ;;Ні;;;;;03.06.2023;;;;;;;;;;;;;;;;;2023; 69;" Григор'єв Денис Владиславович, 04.11.1990,  м. Закаменськ, Республіка Бурятія, рф, старший водій мінометної
батареї";;Ні;;;;;03.06.2023;;;;;;;;;;;;;;;;;2023; 70;Колоцей Сергій Олександрович, 11.07.1986, м. Мозирь Гомельської області Республіки Білорусь, військовослужбовець ;управління федеральної служби військ національної гвардіїї РФ по Ульянівській області;Ні;№ 42022112320000751;ч.ч. 1, 2 ст. 438;"18 березня 2022 року у першу половину доби, Колоцей С.О. за попередньою змовою з невстановленими в ході досудового розслідування військовослужбовцями Російської Федерації, матеріали щодо яких виділені в окреме провадження, перебував на території України, а саме за адресою: Київська область, Бучанський район, м. Буча по вулиці Яблунська №№ 350-352, де в останнього виник умисел на вбивство громадян України з числа цивільного населення, що не брали участі у бойових діях. Колоцей С.О. тримаючи в руках невстановлену досудовим розслідуванням зброю, здійснив постріл у голову Кірєєва Максима Михайловича, в результаті чого останній отримав вогнепальне сліпе кульове поранення голови, перелом кісток черепа з ушкодженням головного мозку та помер на місці.
Продовжуючи свій злочинний умисел, без розриву у часі здійснив постріли у голову Шкіренкова Дмитра Олександровича, який загинув на місці від вогнепального кульового поранення голови. Через 15 хв. привели цивільних громадян України Чумака Олександра Володимировича та Гуторовича Олександра Григоровича та після розмови з ними Колоцей С.О. здійснив постріли з невстановленої зброї у вказаних потерпілих. В результаті злочинних дій Колоцея С.О. Чумак О.В. отримав вогнепальне сліпе проникаюче поранення голови, перелом кісток склепіння та основи черепа з ушкодженням головного мозку та його оболонок, крововилив у м’яких тканинах навколо ушкодження, а Гуторович О.Г. отримав вогнепальні крізні рани внутрішніх органів та кісток скелета з крововтратою, внаслідок чого потерпілі померли на місці.                                                  29.03.2022 п’ятеро військовослужбовців Збройних сил Російської Федерації, з порушенням законів та звичаїв війни, задля проведення допиту, катування та тортур примусово забрали з будинку № 3 по вул. Назарія Яремчука в м. Буча Бучанського району Київської області Лісовського Володимира Анатолійовича та доставили його до будинку № 1 по вул. О. Тихого в м. Буча Бучанського району Київської області де командира вказаних військових знущався з Лісовського В.А., ріжучі йому руки ножем, наносячи рукояткою ножа удари по обличчю, імітуючи його розстріл, внаслідок чого заподіяв Лісовському В.А. тілесних ушкоджень.           03.04.2022 під час проведення моніторингу інтернет – ресурсів та соціальної мережі «Телеграм» каналу «Ірпінь| Буча| Гостомель| Новини України» за посиланням https://t.me/irpin_b_politik/2051, встановлено, що 18.03.2022 військовослужбовцями збройних сил та інших військових формувань Російської Федерації у  порушення законів та звичаїв війни у м. Буча Бучанського району Київської області по вулиці Назарія Яремчука розстріляно цивільних осіб – громадян України, анкетні дані яких встановлюються.";Буча;02.05.2022;1;3;жорстоке поводження;Бучанська окружна прокуратура;Книгиницька З.О.;Бучанське РУП ГУ НПУ в Київській області;"Кірєєв М.М.
Шкіренков Д.О.
Чумак О.В.
Гуторович О.Г.  Лісовський В.А.";4;1;;;;;;;;2022; ;;;;;;;Буча;;;;вбивство;;;;;;;;;;;;;; ; 71;Крючков Кирило Ігорович, 15.01.1992, м. Тамбов, рф, старший розвідник-снайпер розвідувального взводу 1-ї парашутно- десантної бригади 1 БТГр      ;234 ДШП 76-ї ДШД ПДВ ЗС РФ, в/ч 74268;Ні;№ 12025000000000703;ч. 2 ст. 28 ч. 1 ст. 438;"Первунін В.Б., разом Крючковим К.І., у обідній час доби 07 березня 2022 року перебуваючи на території домоволодіння № 215 по вул. Яблунській в м. Буча Київської області, з мотивів негативного ставлення до українців, які проявляють активну поведінку, у тому числі займаються волонтерством, а також маючи намір отримати потрібну інформацію, шляхом погроз застосування до нього фізичної сили та вогнепальної зброї позбавили волі Михалєва С.В. помістивши до погребу розташованого на території будинку № 215, де утримували його всупереч волі 20 днів до 26 березня 2022 року в нелюдських умовах у приміщені призначеному для зберігання харчових продуктів, у виснажливих для людського організму антисанітарних умовах непридатних для тривалого перебування людини, при цьому, у вказаний період не менше трьох разів (точні дати не встановлено) упродовж 10-15 хвилин допитували Михалєва С.В., з метою змусити розповісти про дислокацію військовослужбовців Збройних Сил України на території м. Ірпінь, застосовуючи при цьому заходи фізичного впливу, зокрема завдавали йому численні умисні удари руками та ногами по різних частинах тіла потерпілого, якого перед цим ставили на коліна, а також обливали останнього холодною водою за умов низьких температур. Внаслідок указаних дій потерпілому Міхалєву С.В. заподіяно шкоду його здоров’ю, спричинено фізичний біль та завдано сильних моральних страждань.

";Буча;28.02.2025;2;1;жорстоке поводження;18_1_4;Нескородяний А.М.;ГСУ НПУ;Михалєв С.В.;;1;;30.04.2025;2;;;;;2025;202572;Первунін Владислав Борисович, 09.09.1988, с. Коромисловщина Нолинського району Кіровської області, рф, заступник командира взводу-командир бойової машини 4-ї десантно-штурмової роти;234 ДШП 76-ї ДШД ПДВ ЗС РФ, в/ч 74268;Ні;;;;;;;;;;;;;;;;;;;;;; ; 73;Раднатаров Георгій Пурбуєвич, 02.10.1998, м. Ара-Алцагат, Кяхтинського району, Республіки Бурятія рф, тимчасове виконуючий обов'язки командира розвідувальної роти;37 ОМСБр,           в/ч 69647;Ні;№ 22024101110000085;ч. 1 ст. 438;25.03.2022 року у м. Буча по вулиці Івана Руденко буд. 31, військовослужбовці зс рф жорстоко поводились з місцевим мешканцем, Бєлоглазовим Максимом Олексійовичем 22.06.2002 р.н., та погрожували вбивством останньому, чим завдали шкоду його здоров’ю.;Буча;19.01.2024;1;1;жорстоке поводження;Київська обласна прокуратура;Подосінов П.А.;СУ ГУ СБУ у м. Києві та Київській області;Бєлоглазов М.О.;;1;;26.04.2024;1;;;;;2024;202474;Коваленко Євген Євгенович, 20.11.1994, Алтайський край, Михайлівський район, с. Миколаївка, рф, військовослужбовець;Росгвардія в/ч 6720 ;Ні;№ 42022000000000426;ч. 1 ст. 438;Діючи з метою особистого збагачення, Коваленко Є.Є., в період часу з 24.02.2022 по 31.03.2022 (більш точний час не встановлено), діючи з метою особистого збагачення, перебуваючи у селі Блиставиця Бучанського району Київської області, усвідомлюючи, що між Російською Федерацією та Україною триває міжнародний збройний конфлікт, в порушення вимог вищезазначених законів та звичаїв війни, що передбачені міжнародними договорами, самостійно, самовільно та безперешкодно увійшов на територію приватного домоволодіння № 39 по вул. Соборній, після чого невстановленим слідством способом проник до будинку, що перебуває у приватній власності цивільної особи Міль О.М., де, скориставшись тим, що в будинку нікого немає та за його діями ніхто не спостерігає, протиправно заволодів речами потерпілого.;Блиставиця;18.08.2022;1;1;розграбування;ОГП Мустеца І.В.;Синюк Д.О.;ГСУ НПУ;Міль О.М.;;;;;;;;;;2022; 75;Абільхаіров Ербол Жексенбайович, 11.11.1994, с. Олександрівка, Возвишенський р-н, Північно-Казахстанська обл., РФ, рядовий  ;64 ОМСБр,           в/ч 51460;Ні;№ 42022000000000477;ч. 2 ст. 438;12 березня 2022 року (більш точний час досудовим розслідуванням не встановлено), перебуваючи у місті Буча, Київської області, Собиров З.Ш. спільно з військовослужбовцями Збройних Сил Російської Федерації, Абільхаіровим Е.Ж. та Бекентаєвим А.Н., озброєні вогнепальною зброєю, діючи умисно, з метою залякування місцевого цивільного населення – громадян України, будучи у стані алкогольного сп’яніння, погрожуючи зброєю, провели незаконний обшук у будинку № 5 по вул. Івана Франко у м. Буча, за місцем проживання Касьян Григорія Івановича 05.05.1968 р.н. Після чого, Собиров З.Ш., Абільхаіров Е.Ж. та Бекентаєв А.Н. направились до будинку № 1-А по вул. Максима Рядзанича, де в той час знаходились Духлій С.В., Гаврилюк Р.І. та Коломієць В.Б. які не брали участі у воєнних діях і фактично знаходились під владою противника на окупованій території. У подальшому діючи в складі групи Собиров З.Ш., Абільхаіров Е.Ж. та Бекентаєв А.Н. доповнюючи дії один одного, з метою вчинення насильства над життям, звівши до мінімуму можливість Духлія С.В., Гаврилюка Р.І. та Коломійця В.Б. захистити своє життя, із застосуванням вогнепальної зброї спричинили не сумісні із життям ушкодження Духлію С.В. у вигляді наскрізного вогнепального поранення голови, Гаврилюку Р.І. у вигляді наскрізного вогнепального поранення голови та шиї, Коломійцю В.Б. у вигляді наскрізного вогнепального поранення грудної клітки.;Буча;10.05.2022;3;1;вбивство;ОГП Мустеца І.В.;Харін С.В.;СУ ГУ СБУ у м. Києві та Київській області;Гаврилюк Ю.С. Сичевська В.М. Гаврилюк І.І.;3;;;14.10.2022;3;;;;;2022;202276;Бекентаєв Амангельде Нургалієвич, 09.04.1995, рф ;64 ОМСБр,           в/ч 51460;Ні;;;;;;;;;;;;;;;;;;;;;; ; 77;Собиров Зафар Шарофудинович, 31.01.1978, рф ;64 ОМСБр,           в/ч 51460;Ні;;;;;;;;;;;;;;;;;;;;;; ; 78;Данилов Петро Миколайлвич, 02.09.1994, рф ;64 ОМСБр, в/ч 51460;Ні;№ 42022110000000073;ч. 2 ст. 28 ч. 1 ст. 438;04.03.2022 військовослужбовці армії рф Єренков Д.А., Єрмишко А.М., Данилов П.М., Осіпов В.М. та інші н/о в/сл ЗС РФ, перебуваючи в м. Буча Бучанського району Київської області,    зайняли та заблокували входи та виходи в будинку по вул. Яблунській, 183, чим обмежили свободу пересування Півчука І.О., Півчук Н.В. та Півчука І.І., що у подальшому використано для залякування та здійснення психологічного тиску з метою отримання інформації про патріотично налаштованих жителів м. Буча Київської області. У подальшому вони вивели Півчука І.О. з будинку на подвір’я, де, застосовуючи фізичну силу, повалили на землю та завдали тілесні ушкодження шляхом нанесення ударів руками, ногами по тілу та голові. Згодом вони намагалися вбити Півчука І.О. але йому вдалося втекти. Після чого застосували тортури до Півчук Н.В. і взяли її заручники та утримували 12 днів. ;Буча;18.07.2022;4;2;жорстоке поводження, незаконне позбавлення волі;Київська обласна прокуратура;Дядюк Ю.О.;СУ ГУ СБУ у м. Києві та Київській області;Півчук І.О.    Півчук Н.В.   ;;2;;31.03.2023;4;;;;;2022;202379;Єренков Денис Андрійович, 15.08.1994, рф  ;64 ОМСБр, в/ч 51460;Ні;;ч. 2 ст. 28 ч. 1 ст. 438;;;;;;;;;;;;;;;;;;;; ; 80;Єрмишко Андрій Миколайович, 05.11.1972, рф;64 ОМСБр, в/ч 51460;Ні;;ч. 1 ст. 438;;;;;;;;;;;;;;;;;;;; ; 81;Осипов Владислав Миколайович, 01.02.1994, рф;64 ОМСБр, в/ч 51460;Ні;;ч. 1 ст. 438;;;;;;;;;;;;;;;;;;;; ; 82;Кашин Олександр Володимирович, 18.06.1993, м. Ярославль, рф, військовослужбовець ;2 оперативна рота Управління Федеральної служби військ Національної Гвардії РФ по Ярославській області;Ні;№ 42022112320000269;ч. 2 ст. 438, ч. 2 ст. 15 ч. 2 ст. 438;17.03.2022 за адресою: Київська область, м. Буча, вул. Енергетиків, 4 війсьовослужбовець РФ Кашин О.В. здійснив розстріл з вогнепальної зброї неповнолітнього Нечипоренко Ю.Р. 12.04.2007 р.н. та його батька Нечипоренка Р.В., які їхали на велосипедах поблизу супермаркета «АТБ». При цьому Нечипоренка Р.В. було вбито, а неповнолітній Нечипоренко Ю.Р. зазнав тілесних ушкоджень, середньої тяжкості.;Буча;23.02.2023;1;2;вбивство та жорстоке поводження;Київська обласна прокуратура;Кирик І.С.;СУ ГУ СБУ у м. Києві та Київській області;Нечипоренко Ю.Р. Нечипоренко А.П.;1;1;;31.03.2023;1;;;;;2023;202383;Бізяєв Андрій Сергійович, 25.10.1988, с. Переяславка, Хабаровський край, РФ, військовослужбовець єфрейтор ;64 ОМСБр, в/ч 51460;Ні;№ 42022112320001194;ч. 1 ст. 438;20.03 - 29.03.2022 група осіб з числа військовослужбовців ЗС РФ у м. Буча незаконно позбавили волі та жорстоко поводились із місцевим жителем Кибкою С.В., а саме: фіксували руки за допомогою кайданок, пластикових хомутів, зав’язували очі скотчем, завдавали ударів прикладом автоматів в область колін, пальців ніг та грудної клітки.;Буча;28.04.2022;9;1;жорстоке поводження, незаконне позбавлення волі;Бучанська окружна прокуратура;Шубчик С.С.;Бучанське РУП ГУ НПУ в Київській області;Кибка С.В.;;1;;13.09.2022;9;17.05.2023;12 р. п/в ;;;2022;202284;Кашин Михайло Олексійович, 31.03.1998, м. Воткинськ, Удмуртської республіки, РФ, єфрейтор;64 ОМСБр, в/ч 51460;Ні;;;;;;;;;;;;;;;;;;; 11р.6 міс. п/в;;; ; 85;Князєв Василь Миколайович, 21.01.1998, с. Сернур, Сернурський район, респукбліка Марій ЕЛ, рф, військовий ;64 ОМСБр, в/ч 51460;Ні;;;;;;;;;;;;;;;;;;;11р.6 міс. п/в;;; ; 86;Лаврентьєв В'ячеслав Анатолійович, 21.09.1992, с. Кримське, Забайкальський край, РФ, молодший сержант ;64 ОМСБр, в/ч 51460;Ні;;;;;;;;;;;;;;;;;;;11р. п/в;;; ; 87;Мальцев Семен Костянтинович, 18.11.1995, м. Комсомольськ-на-Амурі, Хабаровський край, рф, єфрейтор             ;64 ОМСБр, в/ч 51460;Ні;;;;;;;;;;;;;;;;;;;11р.6 міс. п/в ;;; ; 88;Наришкін Григорій Вікторович, 23.02.1992, м. Бєлогорськ, Амурської обл., РФ, рядовий ;64 ОМСБр, в/ч 51460;Ні;;;;;;;;;;;;;;;;;;;11р. п/в ;;; ; 89;Пєскарьов Сергій Олегович, 13.05.1997, м. Сунтар, Сунтарського р-ну, республіки Саха, РФ, рядовий;64 ОМСБр, в/ч 51460;Ні;;;;;;;;;;;;;;;;;;;11р. п/в ;;; ; 90;Раднаєв Альберт Баірович, 25.03.1998, м. Владивосток, Приморський край, РФ, рядовий;64 ОМСБр, в/ч 51460;Ні;;;;;;;;;;;;;;;;;;;11р. п/в ;;; ; 91;Сергієнко Дмитро Сергійович, 19.06.1994, с. Нова Усмань, Новоусманський р-н, Воронежська обл., РФ, єфрейтор;64 ОМСБр, в/ч 51460;Ні;;;;;;;;;;;;;;;;;;;11р.6 міс. п/в ;;; ; 92;Грибченков Денис Олександрович, 04.07.1995, м.Кіров Калузької обл., РФ, механік-водій 1 БТГр;234 ДШП 76-ї ДШД ПДВ ЗС РФ, в/ч 74268;Ні;№ 12025000000001124 ;ч. 1 ст. 28 ч. 1 ст. 438;Грибченков Д.О. у невстановлений час в період з 5 по 7 березня 2022 року у вечірню пору доби, перебуваючи  на території приватного будинку № 276 по вул. Яблунська в м. Буча Київської області, у зв’язку з непокорою Нестерука О.А. вивести старшу доньку з будинку, з метою спричинення  йому тілесних ушкоджень, діючи групою осіб за участю двох невстановлених час військовослужбовців ЗС РФ, почергово наніс потерпілому Нестеруку О.А. удар ліктем правої руки у голову та удар прикладом автоматичної зброї в груди, від чого останній впав на землю, після цього, Грибченков Д.О. разом з невстановленими військовослужбовцями ЗС РФ нанесли серію хаотичних  ударів  ногами  по тілу потерпілого Нестерука О.А., який лежав на землі та прикривав голову руками. Унаслідок указаних умисних дій потерпілому Нестеруку О.А. заподіяно травматичний перелом двох зубів, що відноситься до легких тілесних ушкоджень та спричинено фізичні страждання.;Буча;29.03.2025;1;1;жорстоке поводження;18_1_4;Нескородяний А.М.;ГСУ НПУ;Нестерук О.А.;;1;;30.05.2025;1;;;;;2025;202593;Баймуханов Амангельди Аманжолович, 23.02.1996, м. Псков,Псковської обл. РФ, командир відділення - командир бойової машини 2 БТГр;234 ДШП 76-ї ДШД ПДВ ЗС РФ, в/ч 74268;Ні;№ 12025000000001423;ч. 2 ст. 438;Баймуханов А.А.,  04 березня 2022 року приблизно о 14 годині, рухаючись на бойовій броньованій техніці по вул. Заводській в м. Буча в напрямку перехрестя з вулицею Ворзельська,  вчинив напад на цивільну особу, відкривши вогонь на ураження з наявної у нього автоматичної стрілецької зброї в потерпілого Феоктістова В.В., який перебував поруч з територією домоволодіння  № 33 по вул. Заводській у м. Буча Київської області, чим спричинив смерть останнього, тобто вчинив умисне вбивство цивільної особи.;Буча;29.04.2025;1;1;вбивство;18_1_4;Шевченко Д.С.;ГСУ НПУ;Феоктістов В.В.;1;;;;;;;;;2025; 94;Шаповалов Євгеній Миколайович, 21.09.1985, Ошська область, Киргизька Республіка, заступник командира 2-го самохідно-артилерійського взводу – командир самохідної артилерійської гармати 2С9 «Нона-С»;234 ДШП 76-ї ДШД ПДВ ЗС РФ, в/ч 74268;Ні;№ 12025000000001699;ч. 2 ст. 438;Шаповалов Є.М., будучи заступником командира 2-го самохідно артилерійського взводу – командир самохідної артилерійської гармати 2С9 «Нона-С» 1-ї батальйонно-тактичної групи, 234-го десантно-штурмового полку 76-ї десантно-штурмової дивізії Повітряно-десантних військ ЗС РФ у вечірній час доби 05.03.2022, перебуваючи в м. Буча, діючи за попередньою змовою групою осіб, здійснили розстріл потерпілих  Горлатого В.М. та Єрмолаєва Ю.В. ;Буча;31.05.2025;1;1;вбивство;18_1_4;Дятел В.С.;ГСУ НПУ;Горлатий В.М., Єрмолаєв Ю.В.;2;;;27.06.2025;1;;;;;2025;202595;Рибаков Віталій Дмитрович, 18.02.1993, м. Псков, РФ, командиром відділення зв’язку радіовзводу роти управління;234 ДШП 76-ї ДШД ПДВ ЗС РФ, в/ч 74268;Ні;№ 12025000000001709 ;ч. 1 ст. 438;Рибаков Д.В.  05.03.2022  в період часу з 8 по 9 годину, перебуваючи на проїжджій частині дороги поблизу будинку № 3д по вул. Заводській в м. Буча,  з метою залякування потерпілої, здійснив не менше двох пострілів з автоматичної стрілецької зброї по асфальтобетонному покриттю поруч із Суганяко Л.О., внаслідок чого в результаті рикошету куль від асфальтобетонного покриття потерпілій Суганяко Л.О. спричинено два вогнепальні поранення задньої поверхні  правого плеча, які відносяться до легких тілесних ушкоджень.;Буча;31.05.2025;1;1;жорстоке поводження;18_1_4;Нескородяний А.М.;ГСУ НПУ;Суганяко Л.О.;;1;31.07.2025;;;;;;;2025; 96;Курбаналієв Байрам Хайруллайович, 24.06.1984, с. Ілліча Дербентського району Республіки Дагестан, РФ, заступник командира взводу – командира гармати 1 самохідної артилерійської батареї 1-ї БТГ;234 ДШП 76-ї ДШД ПДВ ЗС РФ, в/ч 74268;Ні;№ 12025000000002031 ;ч.ч. 1, 2 ст. 438;"Курбаналієв Б.Х., 16.03.2022 приблизно о 10 годині, перебуваючи на подвір’ї Бучанського НВК 
№ 3 розташованого за адресою: м. Буча, вул. Вокзальна, 46-А, з метою спричинення фізичних та психічних страждань потерпілому, здійснив один постріл з травматичного пістолету «ОСА» у Фатченка А.Ю., який біг до бомбосховища, влучивши останньому у правий бік середньої частини тулуба, чим заподіяв шкоду його здоров’ю та спричинив фізичний біль. Крім того, Курбаналієв Б.Х., 16.03.2022 приблизно о 10 годині, перебуваючи у кількох метрах від сходів до дверей бомбосховища Бучанського НВК № 3, розташованого за адресою: м. Буча, вул. Вокзальна, 46-А, з мотивів ненависті до українців, які можуть протистояти російсько-окупаційним військам та надавати підтримку Силам безпеки і оборони України, з метою спричинення смерті Назарець Ю.М., здійснив не менше трьох пострілів з автоматичної стрілецької зброї калібру 5,45х39 мм у Назарець Ю.М., яка спускалась сходами до бомбосховища, чим спричинив смерть останньої";Буча;30.06.2025;1;2;вбивство та жорстоке поводження;18_1_4;Нескородяний А.М., Шевчук А.М.;ГСУ НПУ;Назарець Ю.М.;1;;;29.08.2025;1;;;;;2025;202597;Машков Віталій Дмитрович, 25.12.2001, м. Саратов, РФ, навідник парашутно-десантного взводу 3-ї парашутно-десантної роти 1-ї БТГ;234 ДШП 76-ї ДШД ПДВ ЗС РФ, в/ч 74268;Ні;№ 12025000000002032 ;ч. 2 ст. 438;о 8 год  28.03.2022 Машков В.Д., перебуваючи біля гаражних приміщень, що знаходяться навпроти будинку № 8 вул. Склозаводській, підбіг до автомобіля RENAULT MASTER, з відстані близько двох метрів здійснив не менше двох пострілів в Чекана В.М., який пробігав біля передньої частини автомобіля та намагався заховатись, відразу після чого з відстані близько трьох метрів здійснив не менше дев’яти пострілів у Клімцова О.С., який вже перебував на передньому пасажирському сидінні вказаного автомобіля, чим спричинив смерть останнім;Буча;30.06.2025;1;1;вбивство;18_1_4;Нескородяний А.М.;ГСУ НПУ;Чекан В.М., Клімцов О.С.;2;;;29.08.2025;1;;;;;2025;202598;Салінов Серік Булатович, 17.05.1994, смт Дергачі Дергачівського району Саратовської області, РФ, старшини парашутно-десантної роти 2 БТГ;234 ДШП 76-ї ДШД ПДВ ЗС РФ, в/ч 74268;Ні;№ 12025000000001124 ;ч. 1 ст. 28 ч. 1 ст. 438;Первунін В.Б., разом з Саліновим С.Б.,  приблизно з 10 по 11 год 05.03.2022, перебуваючи на території домоволодіння № 53 по вул. Центральній в смт Гостомель Бучанського району, з мотивів негативного ставлення до українців, які можуть протистояти російсько-окупаційним військам та надавати підтримку Силам безпеки і оборони України, з метою залякати потерпілого та примусити вчинити дії, що суперечать його волі, а саме надати інформацію щодо місць дислокації підрозділів Сил безпеки і оборони України на території м. Буча, смт. Гостомель та прилеглих до нього населених пунктів, вчинили нелюдське поводження відносно Бикова М.В., шляхом висловлення погроз про застосування зброї відносно останнього, пропозиції на вибір місця на тілі потерпілого куди будуть здійснені постріли, а також здійсненням впритул  до колінного суглобу лівої ноги пострілу холостим патроном, чим заподіяно потерпілому Бикову М.В. сильних моральних та психічних страждань. Крім того, Первунін В.Б., діючи повторно, 06.03.2022, приблизно з 12 год. 00 хв. до 12 год. 30 хв., перебуваючи навпроти вхідних дверей будинку № 53 по вул. Центральній в смт. Гостомель, з мотивів негативного ставлення до українців, які можуть протистояти російсько-окупаційним військам та надавати підтримку Силам безпеки і оборони України, з метою залякати потерпілого та примусити вчинити дії, що суперечать його волі, а саме визнати його приналежність до Сил безпеки і оборони України, надати інформацію про блок-пости та про місця дислокації підрозділів Сил безпеки і оборони України поблизу м. Буча, смт. Гостомель та прилеглих населених пунктів, направив зброю в напрямку голови Комаричева П.Ю. та здійснив не менше чотирьох пострілів з автоматичної стрілецької зброї над його головою.;Буча;30.06.2025;2;2;жорстоке поводження;18_1_4;Нескородяний А.М.;ГСУ НПУ;Биков М.В., Комаричев П.Ю.;;2;;30.08.2025;2;;;;;2025;202599;Первунін Владислав Борисович, 09.09.1988, с. Коромисловщина Нолінського району Кіровської області, РФ;234 ДШП 76-ї ДШД ПДВ ЗС РФ, в/ч 74268;Ні;;;;;;;;;;;;;;;;;;;;;; ; 100;ПАВЛОВ МАКСИМ ІЛЛІЧ, 26.02.1997 року народження, , уродженцю с. Серьодка Псковського району, Псковської області РФ, проживаючому за адресою: РФ, Псковська область, Псковський район, с. Серьодка, вул. Родіонова, 1, кв. 3, громадянину РФ;234 ДШП 76-ї ДШД ПДВ ЗС РФ, в/ч 74268;Ні;№ 12025000000002307;ч. 1 ст. 438;"Павлов Максим Ілліч, будучи старшим стрілцем – сапером 3-ї парашутно-десантної роти 1-ї батальйонно-тактичної групи 234-го десантно-штурмового полку 76-ї десантно-штурмової дивізії Повітряно-десантних військ ЗС РФ (в/ч 74268),  7 березня 2022 року в обідню пору, перебуваючи на між будинками № 9 та № 7 по  вул. Склозаводській у м. Буча Київської області, усвідомлюючи існування міжнародного збройного конфлікту та те, що 
Олійник М.І.  є цивільною особою, яка перебуває під захистом міжнародного гуманітарного права, та не становить загрози, усвідомлюючи суспільно-небезпечний характер своїх дій, з метою залякування потерпілої, у порушення положень ст. ст. 27, 31-33, 147 Женевської конвенції про захист цивільного населення під час війни від 12 серпня 1949 року, ст. 11, п. п. a, b ч. 2 ст. 75 Додаткового протоколу до Женевських конвенцій від 12 серпня 1949 року, що стосується захисту жертв міжнародних збройних конфліктів (Протокол I), від 08.06.1977, перебуваючи на відстані двох метрів до Олійник М.І. та за відсутності будь-яких підстав у застосуванні вогнепальної зброї здійснив чергу пострілів із автоматичної стрілецької зброї півколом по асфальтному покриттю поруч із Олійник М.І., після чого голосно сміючись у нецензурній формі запитав чи злякалась вона, глузуючи таким чином над нею, чим вчинив жорстоке поводження з цивільним населенням.";Буча;01.08.2025;1;1;жорстоке поводження;18_1_4;Нескородяний А.М.;ГСУ НПУ;Олійник М.І;;1;;;;;;https://www.gp.gov.ua/ua/posts/povidomlennya-pro-pidozru-ta-povistki-pro-viklik-pavlova-mi-na-14082025-15082025-18082025-ukrayinskoyu-ta-pereklad-rosiiskoyu ;;2025; 101;"МИШІН АРТЕМ БОРИСОВИЧ,
20.01.1987 року народження, уродженець с. Маза Кадуйського района Вологодської області Російської Федерації, громадянин Російської Федерації";234 ДШП 76-ї ДШД ПДВ ЗС РФ, в/ч 74268;Ні;;ч. 1 ст. 438;Мишін А.Б. будучи заступником командира взводу – командиром  бойової машини 4 десантно-штурмової роти 2 батальйонно-тактичної групи 234-го десантно-штурмового полку 76-ї десантно-штурмової дивізії Повітряно-десантних військ Збройних сил Російської Федерації (в/ч 74268), 28.03.2022 приблизно  о 10-11 годині, перебуваючи поблизу приватного домоволодіння № 94 по вул. Жовтневій в  м. Буча Київської області, усвідомлюючи наявність міжнародного збройного конфлікту та те, що Шабрін А.А. є цивільною особою, яка перебуває під захистом міжнародного гуманітарного права та не становить загрози, усвідомлюючи суспільно небезпечний характер своїх дій, передбачаючи суспільно небезпечні наслідки та бажаючи їх настання, в порушення положень ст. ст. 27, 32, 147 Женевської Конвенції про захист цивільного населення під час війни від 12 серпня 1949 року та п.п. a, b  ч. 2  ст. 75 Додаткового протоколу до Женевських конвенцій від 12 серпня 1949 року, що стосується захисту жертв міжнародних збройних конфліктів (Протокол I), від 08.06.1977, вчинив жорстоке поводження з цивільним населенням у формі нелюдського поводження, а саме приставивши до голови Шабріна А.А. автоматичну стрілецьку зброю, споряджену бойовими набоями та здійснення пострілу біля голови потерпілого.;Буча;30.08.2025;1;1;жорстоке поводження;18_1_4;Гармашова І.В.;ГСУ НПУ;Шабрін А.А.;;1;;;;;;https://www.gp.gov.ua/ua/posts/povidomlennya-pro-pidozru-ta-povistki-pro-viklik-misina-ab-na-15092025-16092025-17092025;;2025; ;;;;;;;;;;;;;;;;;;;;;;;;; ; ;;;;;;;;;;;;;;;;;;;;;;;;; ; ;;;;;;;;;;;;;;;;;;;;;;;;; ; ;;;;;;;;;;;;;;;;;;;;;;;;; ; ;;;;;;;;;;;;;;;;;;;;;;;;; ; ;;;;;;;;;;;;;;;;;;;;;;;;; ; ;;;;;;;;;;;;;;;;;;;;;;;;; ; ;;;;;;;;;;;;;;;;;;;;;;;;; ; ;;;;;;;;;;;;;;;;;;;;;;;;; ; ;;;;;;;;;;;;;;;;;;;;;;;;; ; ;;;;;;;;;;;;;;;;;;;;;;;;; ; ;;;;;;;;;;;;;;;;;;;;;;;;; ; ;;;;;;;;;;;;;;;;;;;;;;;;; ; ;;;;;;;;;;;;;;;;;;;;;;;;; ; ;;;;;;;;;;;;;;;;;;;;;;;;; ; ;;;;;;;;;;;;;;;;;;;;;;;;; ; ;;;;;;;;;;;;;;;;;;;;;;;;; ; ;;;;;;;;;;;;;;;;;;;;;;;;; ; ;;;;;;;;;;;;;;;;;;;;;;;;; ; ;;;;;;;;;;;;;;;;;;;;;;;;; ; ;;;;;;;;;;;;;;;;;;;;;;;;; ; ;;;;;;;;;;;;;;;;;;;;;;;;; ; ;;;;;;;;;;;;;;;;;;;;;;;;; ; ;;;;;;;;;;;;;;;;;;;;;;;;; ; ;;;;;;;;;;;;;;;;;;;;;;;;; ; ;;;;;;;;;;;;;;;;;;;;;;;;; ; ;;;;;;;;;;;;;;;;;;;;;;;;; ; ;;;;;;;;;;;;;;;;;;;;;;;;; ; ;;;;;;;;;;;;;;;;;;;;;;;;; ; ;;;;;;;;;;;;;;;;;;;;;;;;; ; ;;;;;;;;;;;;;;;;;;;;;;;;; ; ;;;;;;;;;;;;;;;;;;;;;;;;; ; ;;;;;;;;;;;;;;;;;;;;;;;;; ; ;;;;;;;;;;;;;;;;;;;;;;;;; ; ;;;;;;;;;;;;;;;;;;;;;;;;; ; ;;;;;;;;;;;;;;;;;;;;;;;;; ; ;;;;;;;;;;;;;;;;;;;;;;;;; ; ;;;;;;;;;;;;;;;;;;;;;;;;; ; ;;;;;;;;;;;;;;;;;;;;;;;;; ; ;;;;;;;;;;;;;;;;;;;;;;;;; ; ;;;;;;;;;;;;;;;;;;;;;;;;; ; ;;;;;;;;;;;;;;;;;;;;;;;;; ; ;;;;;;;;;;;;;;;;;;;;;;;;; ; ;;;;;;;;;;;;;;;;;;;;;;;;; ; ;;;;;;;;;;;;;;;;;;;;;;;;; ; ;;;;;;;;;;;;;;;;;;;;;;;;; ; ;;;;;;;;;;;;;;;;;;;;;;;;; ; ;;;;;;;;;;;;;;;;;;;;;;;;; ; ;;;;;;;;;;;;;;;;;;;;;;;;; ; ;;;;;;;;;;;;;;;;;;;;;;;;; ; ;;;;;;;;;;;;;;;;;;;;;;;;; ; ;;;;;;;;;;;;;;;;;;;;;;;;; ; ;;;;;;;;;;;;;;;;;;;;;;;;; ; ;;;;;;;;;;;;;;;;;;;;;;;;; ; ;;;;;;;;;;;;;;;;;;;;;;;;; ; ;;;;;;;;;;;;;;;;;;;;;;;;; ; ;;;;;;;;;;;;;;;;;;;;;;;;; ; ;;;;;;;;;;;;;;;;;;;;;;;;; ; ;;;;;;;;;;;;;;;;;;;;;;;;; ; ;;;;;;;;;;;;;;;;;;;;;;;;; ; ;;;;;;;;;;;;;;;;;;;;;;;;; ; ;;;;;;;;;;;;;;;;;;;;;;;;; ; ;;;;;;;;;;;;;;;;;;;;;;;;; ; ;;;;;;;;;;;;;;;;;;;;;;;;; ; ;;;;;;;;;;;;;;;;;;;;;;;;; ; ;;;;;;;;;;;;;;;;;;;;;;;;; ; ;;;;;;;;;;;;;;;;;;;;;;;;; ; ;;;;;;;;;;;;;;;;;;;;;;;;; ; ;;;;;;;;;;;;;;;;;;;;;;;;; ; ;;;;;;;;;;;;;;;;;;;;;;;;; ; ;;;;;;;;;;;;;;;;;;;;;;;;; ; ;;;;;;;;;;;;;;;;;;;;;;;;; ; ;;;;;;;;;;;;;;;;;;;;;;;;; ; ;;;;;;;;;;;;;;;;;;;;;;;;; ; ;;;;;;;;;;;;;;;;;;;;;;;;; ; ;;;;;;;;;;;;;;;;;;;;;;;;; ; ;;;;;;;;;;;;;;;;;;;;;;;;; ; ;;;;;;;;;;;;;;;;;;;;;;;;; ; ;;;;;;;;;;;;;;;;;;;;;;;;; ; ;;;;;;;;;;;;;;;;;;;;;;;;; ; ;;;;;;;;;;;;;;;;;;;;;;;;; ; ;;;;;;;;;;;;;;;;;;;;;;;;; ; ;;;;;;;;;;;;;;;;;;;;;;;;; ; ;;;;;;;;;;;;;;;;;;;;;;;;; ; ;;;;;;;;;;;;;;;;;;;;;;;;; ; ;;;;;;;;;;;;;;;;;;;;;;;;; ; ;;;;;;;;;;;;;;;;;;;;;;;;; ; ;;;;;;;;;;;;;;;;;;;;;;;;; ; ;;;;;;;;;;;;;;;;;;;;;;;;; ; ;;;;;;;;;;;;;;;;;;;;;;;;; ; ;;;;;;;;;;;;;;;;;;;;;;;;; ; ;;;;;;;;;;;;;;;;;;;;;;;;; ; ;;;;;;;;;;;;;;;;;;;;;;;;; ; ;;;;;;;;;;;;;;;;;;;;;;;;; ; ;;;;;;;;;;;;;;;;;;;;;;;;; ; ;;;;;;;;;;;;;;;;;;;;;;;;; ; ;;;;;;;;;;;;;;;;;;;;;;;;; ; ;;;;;;;;;;;;;;;;;;;;;;;;; ; ;;;;;;;;;;;;;;;;;;;;;;;;; ; ;;;;;;;;;;;;;;;;;;;;;;;;; ; ;;;;;;;;;;;;;;;;;;;;;;;;; ; ;;;;;;;;;;;;;;;;;;;;;;;;; ; ;;;;;;;;;;;;;;;;;;;;;;;;; ; ;;;;;;;;;;;;;;;;;;;;;;;;; ; ;;;;;;;;;;;;;;;;;;;;;;;;; ; ;;;;;;;;;;;;;;;;;;;;;;;;; ; ;;;;;;;;;;;;;;;;;;;;;;;;; ; ;;;;;;;;;;;;;;;;;;;;;;;;; ; ;;;;;;;;;;;;;;;;;;;;;;;;; ; ;;;;;;;;;;;;;;;;;;;;;;;;; ; ;;;;;;;;;;;;;;;;;;;;;;;;; ; ;;;;;;;;;;;;;;;;;;;;;;;;; ; ;;;;;;;;;;;;;;;;;;;;;;;;; ; ;;;;;;;;;;;;;;;;;;;;;;;;; ; ;;;;;;;;;;;;;;;;;;;;;;;;; ; ;;;;;;;;;;;;;;;;;;;;;;;;; ; ;;;;;;;;;;;;;;;;;;;;;;;;; ; ;;;;;;;;;;;;;;;;;;;;;;;;; ; ;;;;;;;;;;;;;;;;;;;;;;;;; ; ;;;;;;;;;;;;;;;;;;;;;;;;; ; ;;;;;;;;;;;;;;;;;;;;;;;;; ; ;;;;;;;;;;;;;;;;;;;;;;;;; ; ;;;;;;;;;;;;;;;;;;;;;;;;; ; ;;;;;;;;;;;;;;;;;;;;;;;;; ; ;;;;;;;;;;;;;;;;;;;;;;;;; ; ;;;;;;;;;;;;;;;;;;;;;;;;; ; ;;;;;;;;;;;;;;;;;;;;;;;;; ; ;;;;;;;;;;;;;;;;;;;;;;;;; ; ;;;;;;;;;;;;;;;;;;;;;;;;; ; ;;;;;;;;;;;;;;;;;;;;;;;;; ; ;;;;;;;;;;;;;;;;;;;;;;;;; ; ;;;;;;;;;;;;;;;;;;;;;;;;; ; ;;;;;;;;;;;;;;;;;;;;;;;;; ; ;;;;;;;;;;;;;;;;;;;;;;;;; ; ;;;;;;;;;;;;;;;;;;;;;;;;; ; ;;;;;;;;;;;;;;;;;;;;;;;;; ; ;;;;;;;;;;;;;;;;;;;;;;;;; ; ;;;;;;;;;;;;;;;;;;;;;;;;; ; ;;;;;;;;;;;;;;;;;;;;;;;;; ; ;;;;;;;;;;;;;;;;;;;;;;;;; ; ;;;;;;;;;;;;;;;;;;;;;;;;; ; ;;;;;;;;;;;;;;;;;;;;;;;;; ; ;;;;;;;;;;;;;;;;;;;;;;;;; ; ;;;;;;;;;;;;;;;;;;;;;;;;; ; ;;;;;;;;;;;;;;;;;;;;;;;;; ; ;;;;;;;;;;;;;;;;;;;;;;;;; ; ;;;;;;;;;;;;;;;;;;;;;;;;; ; ;;;;;;;;;;;;;;;;;;;;;;;;; ; ;;;;;;;;;;;;;;;;;;;;;;;;; ; ;;;;;;;;;;;;;;;;;;;;;;;;; ; ;;;;;;;;;;;;;;;;;;;;;;;;; ; ;;;;;;;;;;;;;;;;;;;;;;;;; ; ;;;;;;;;;;;;;;;;;;;;;;;;; ; ;;;;;;;;;;;;;;;;;;;;;;;;; ; ;;;;;;;;;;;;;;;;;;;;;;;;; ; ;;;;;;;;;;;;;;;;;;;;;;;;; ; ;;;;;;;;;;;;;;;;;;;;;;;;; ; ;;;;;;;;;;;;;;;;;;;;;;;;; ; ;;;;;;;;;;;;;;;;;;;;;;;;; ; ;;;;;;;;;;;;;;;;;;;;;;;;; ; ;;;;;;;;;;;;;;;;;;;;;;;;; ; ;;;;;;;;;;;;;;;;;;;;;;;;; ; ;;;;;;;;;;;;;;;;;;;;;;;;; ; ;;;;;;;;;;;;;;;;;;;;;;;;; ; ;;;;;;;;;;;;;;;;;;;;;;;;; ; ;;;;;;;;;;;;;;;;;;;;;;;;; ; ;;;;;;;;;;;;;;;;;;;;;;;;; ; ;;;;;;;;;;;;;;;;;;;;;;;;; ; ;;;;;;;;;;;;;;;;;;;;;;;;; ; ;;;;;;;;;;;;;;;;;;;;;;;;; ; ;;;;;;;;;;;;;;;;;;;;;;;;; ; ;;;;;;;;;;;;;;;;;;;;;;;;; ; ;;;;;;;;;;;;;;;;;;;;;;;;; ; ;;;;;;;;;;;;;;;;;;;;;;;;; ; ;;;;;;;;;;;;;;;;;;;;;;;;; ; ;;;;;;;;;;;;;;;;;;;;;;;;; ; ;;;;;;;;;;;;;;;;;;;;;;;;; ; ;;;;;;;;;;;;;;;;;;;;;;;;; ; ;;;;;;;;;;;;;;;;;;;;;;;;; ; ;;;;;;;;;;;;;;;;;;;;;;;;; ; ;;;;;;;;;;;;;;;;;;;;;;;;; ; ;;;;;;;;;;;;;;;;;;;;;;;;; ; ;;;;;;;;;;;;;;;;;;;;;;;;; ; ;;;;;;;;;;;;;;;;;;;;;;;;; ; ;;;;;;;;;;;;;;;;;;;;;;;;; ; ;;;;;;;;;;;;;;;;;;;;;;;;; ; ;;;;;;;;;;;;;;;;;;;;;;;;; ; ;;;;;;;;;;;;;;;;;;;;;;;;; ; ;;;;;;;;;;;;;;;;;;;;;;;;; ; ;;;;;;;;;;;;;;;;;;;;;;;;; ; ;;;;;;;;;;;;;;;;;;;;;;;;; ; ;;;;;;;;;;;;;;;;;;;;;;;;; ; ;;;;;;;;;;;;;;;;;;;;;;;;;; ;;;;;;;;;;;;;;;;;;;;;;;;;; ;;;;;;;;;;;;;;;;;;;;;;;;;; ;;;;;;;;;;;;;;;;;;;;;;;;;; ;;;;;;;;;;;;;;;;;;;;;;;;;;;;;;;;;;;;;;;;;;;;;;;;;;;;;;;;;;;;;;;;;;;;;;;;;;;;;;;;;;;;;;;;;;;;;;;;;;;;;;;;;;;;;;;;;;;;;;;;;;;;;;;;;;;;;;;;;;;;;;;;;;;;;;;;;;;;;;;;;;;;;;;;;;;;;;;;;;;;;;;;;;;;;;;;;;;;;;;;;;;;;;;;;;;;;;;;;;;;;;;;;;;;;;;;;;;;;;;;;;;;;;;;;;;;;;;;;;;;;;;;;;;;;;;;;;;;;;;;;;;;;;;;;;;;;;;;;;;;;;;;;;;;;;;;;;;;;;;;;;;;;;;;;;;;;;;;;;;;;;;;;;;;;;;;;;;;;;;;;;;;;;;;;;;;;;;;;;;;;;;;;;;;;;;;;;;;;;;;;;;;;;;;;;;;;;;;;;;;;;;;;;;;;;;;;;;;;;;;;;;;;;;;;;;;;;;;;;;;;;;;;;;;;;;;;;;;;;;;;;;;;;;;;;;;;;;;;;;;;;;;;;;;;;;;;;;;;;;;;;;;;;;;;;;;;;;;;;;;;;;;;;;;;;;;;;;;;;;;;;;;;;;;;;;;;;;;;;;;;;;;;;;;;;;;;;;;;;;;;;;;;;;;;;;;;;;;;;;;;;;;;;;;;;;;;;;;;;;;;;;;;;;;;;;;;;;;;;;;;;;;;;;;;;;;;;;;;;;;;;;;;;;;;;;;;;;;;;;;;;;;;;;;;;;;;;;;;;;;;;;;;;;;;;;;;;;;;;;;;;;;;;;;;;;;;;;;;;;;;;;;;;;;;;;;;;;;;;;;;;;;;;;;;;;;;;;;;;;;;;;;;;;;;;;;;;;;;;;;;;;;;;;;;;;;;;;;;;;;;;;;;;;;;;;;;;;;;;;;;;;;;;;;;;;;;;;;;;;;;;;;;;;;;;;;;;;;;;;;;;;;;;;;;;;;;;;;;;;;;;;;;;;;;;;;;;;;;;;;;;;;;;;;;;;;;;;;;;;;;;;;;;;;;;;;;;;;;;;;;;;;;;;;;;;;;;;;;;;;;;;;;;;;;;;;;;;;;;;;;;;;;;;;;;;;;;;;;;;;;;;;;;;;;;;;;;;;;;;;;;;;;;;;;;;;;;;;;;;;;;;;;;;;;;;;;;;;;;;;;;;;;;;;;;;;;;;;;;;;;;;;;;;;;;;;;;;;;;;;;;;;;;;;;;;;;;;;;;;;;;;;;;;;;;;;;;;;;;;;;;;;;;;;;;;;;;;;;;;;;;;;;;;;;;;;;;;;;;;;;;;;;;;;;;;;;;;;;;;;;;;;;;;;;;;;;;;;;;;;;;;;;;;;;;;;;;;;;;;;;;;;;;;;;;;;;;;;;;;;;;;;;;;;;;;;;;;;;;;;;;;;;;;;;;;;;;;;;;;;;;;;;;;;;;;;;;;;;;;;;;;;;;;;;;;;;;;;;;;;;;;;;;;;;;;;;;;;;;;;;;;;;;;;;;;;;;;;;;;;;;;;;;;;;;;;;;;;;;;;;;;;;;;;;;;;;;;;;;;;;;;;;;;;;;;;;;;;;;;;;;;;;;;;;;;;;;;;;;;;;;;;;;;;;;;;;;;;;;;;;;;;;;;;;;;;;;;;;;;;;;;;;;;;;;;;;;;;;;;;;;;;;;;;;;;;;;;;;;;;;;;;;;;;;;;;;;;;;;;;;;;;;;;;;;;;;;;;;;;;;;;;;;;;;;;;;;;;;;;;;;;;;;;;;;;;;;;;;;;;;;;;;;;;;;;;;;;;;;;;;;;;;;;;;;;;;;;;;;;;;;;;;;;;;;;;;;;;;;;;;;;;;;;;;;;;;;;;;;;;;;;;;;;;;;;;;;;;;;;;;;;;;;;;;;;;;;;;;;;;;;;;;;;;;;;;;;;;;;;;;;;;;;;;;;;;;;;;;;;;;;;;;;;;;;;;;;;;;;;;;;;;;;;;;;;;;;;;;;;;;;;;;;;;;;;;;;;;;;;;;;;;;;;;;;;;;;;;;;;;;;;;;;;;;;;;;;;;;;;;;;;;;;;;;;;;;;;;;;;;;;;;;;;;;;;;;;;;;;;;;;;;;;;;;;;;;;;;;;;;;;;;;;;;;;;;;;;;;;;;;;;;;;;;;;;;;;;;;;;;;;;;;;;;;;;;;;;;;;;;;;;;;;;;;;;;;;;;;;;;;;;;;;;;;;;;;;;;;;;;;;;;;;;;;;;;;;;;;;;;;;;;;;;;;;;;;;;;;;;;;;;;;;;;;;;;;;;;;;;;;;;;;;;;;;;;;;;;;;;;;;;;;;;;;;;;;;;;;;;;;;;;;;;;;;;;;;;;;;;;;;;;;;;;;;;;;;;;;;;;;;;;;;;;;;;;;;;;;;;;;;;;;;;;;;;;;;;;;;;;;;;;;;;;;;;;;;;;;;;;;;;;;;;;;;;;;;;;;;;;;;;;;;;;;;;;;;;;;;;;;;;;;;;;;;;;;;;;;;;;;;;;;;;;;;;;;;;;;;;;;;;;;;;;;;;;;;;;;;;;;;;;;;;;;;;;;;;;;;;;;;;;;;;;;;;;;;;;;;;;;;;;;;;;;;;;;;;;;;;;;;;;;;;;;;;;;;;;;;;;;;;;;;;;;;;;;;;;;;;;;;;;;;;;;;;;;;;;;;;;;;;;;;;;;;;;;;;;;;;;;;;;;;;;;;;;;;;;;;;;;;;;;;;;;;;;;;;;;;;;;;;;;;;;;;;;;;;;;;;;;;;;;;;;;;;;;;;;;;;;;;;;;;;;;;;;;;;;;;;;;;;;;;;;;;;;;;;;;;;;;;;;;;;;;;;;;;;;;;;;;;;;;;;;;;;;;;;;;;;;;;;;;;;;;;;;;;;;;;;;;;;;;;;;;;;;;;;;;;;;;;;;;;;;;;;;;;;;;;;;;;;;;;;;;;;;;;;;;;;;;;;;;;;;;;;;;;;;;;;;;;;;;;;;;;;;;;;;;;;;;;;;;;;;;;;;;;;;;;;;;;;;;;;;;;;;;;;;;;;;;;;;;;;;;;;;;;;;;;;;;;;;;;;;;;;;;;;;;;;;;;;;;;;;;;;;;;;;;;;;;;;;;;;;;;;;;;;;;;;;;;;;;;;;;;;;;;;;;;;;;;;;;;;;;;;;;;;;;;;;;;;;;;;;;;;;;;;;;;;;;;;;;;;;;;;;;;;;;;;;;;;;;;;;;;;;;;;;;;;;;;;;;;;;;;;;;;;;;;;;;;;;;;;;;;;;;;;;;;;;;;;;;;;;;;;;;;;;;;;;;;;;;;;;;;;;;;;;;;;;;;;;;;;;;;;;;;;;;;;;;;;;;;;;;;;;;;;;;;;;;;;;;;;;;;;;;;;;;;;;;;;;;;;;;;;;;;;;;;;;;;;;;;;;;;;;;;;;;;;;;;;;;;;;;;;;;;;;;;;;;;;;;;;;;;;;;;;;;;;;;;;;;;;;;;;;;;;;;;;;;;;;;;;;;;;;;;;;;;;;;;;;;;;;;;;;;;;;;;;;;;;;;;;;;;;;;;;;;;;;;;;;;;;;;;;;;;;;;;;;;;;;;;;;;;;;;;;;;;;;;;;;;;;;;;;;;;;;;;;;;;;;;;;;;;;;;;;;;;;;;;;;;;;;;;;;;;;;;;;;;;;;;;;;;;;;;;;;;;;;;;;;;;;;;;;;;;;;;;;;;;;;;;;;;;;;;;;;;;;;;;;;;;;;;;;;;;;;;;;;;;;;;;;;;;;;;;;;;;;;;;;;;;;;;;;;;;;;;;;;;;;;;;;;;;;;;;;;;;;;;;;;;;;;;;;;;;;;;;;;;;;;;;;;;;;;;;;;;;;;;;;;;;;;;;;;;;;;;;;;;;;;;;;;;;;;;;;;;;;;;;;;;;;;;;;;;;;;;;;;;;;;;;;;;;;;;;;;;;;;;;;;;;;;;;;;;;;;;;;;;;;;;;;;;;;;;;;;;;;;;;;;;;;;;;;;;;;;;;;;;;;;;;;;;;;;;;;;;;;;;;;;;;;;;;;;;;;;;;;;;;;;;;;;;;;;;;;;;;;;;;;;;;;;;;;;;;;;;;;;;;;;;;;;;;;;;;;;;;;;;;;;;;;;;;;;;;;;;;;;;;;;;;;;;;;;;;;;;;;;;;;;;;;;;;;;;;;;;;;;;;;;;;;;;;;;;;;;;;;;;;;;;;;;;;;;;;;;;;;;;;;;;;;;;;;;;;;;;;;;;;;;;;;;;;;;;;;;;;;;;;;;;;;;;;;;;;;;;;;;;;;;;;;;;;;;;;;;;;;;;;;;;;;;;;;;;;;;;;;;;;;;;;;;;;;;;;;;;;;;;;;;;;;;;;;;;;;;;;;;;;;;;;;;;;;;;;;;;;;;;;;;;;;;;;;;;;;;;;;;;;;;;;;;;;;;;;;;;;;;;;;;;;;;;;;;;;;;;;;;;;;;;;;;;;;;;;;;;;;;;;;;;;;;;;;;;;;;;;;;;;;;;;;;;;;;;;;;;;;;;;;;;;;;;;;;;;;;;;;;;;;;;;;;;;;;;;;;;;;;;;;;;;;;;;;;;;;;;;;;;;;;;;;;;;;;;;;;;;;;;;;;;;;;;;;;;;;;;;;;;;;;;;;;;;;;;;;;;;;;;;;;;;;;;;;;;;;;;;;;;;;;;;;;;;;;;;;;;;;;;;;;;;;;;;;;;;;;;;;;;;;;;;;;;;;;;;;;;;;;;;;;;;;;;;;;;;;;;;;;;;;;;;;;;;;;;;;;;;;;;;;;;;;;;;;;;;;;;;;;;;;;;;;;;;;;;;;;;;;;;;;;;;;;;;;;;;;;;;;;;;;;;;;;;;;;;;;;;;;;;;;;;;;;;;;;;;;;;;;;;;;;;;;;;;;;;;;;;;;;;;;;;;;;;;;;;;;;;;;;;;;;;;;;;;;;;;;;;;;;;;;;;;;;;;;;;;;;;;;;;;;;;;;;;;;;;;;;;;;;;;;;;;;;;;;;;;;;;;;;;;;;;;;;;;;;;;;;;;;;;;;;;;;;;;;;;;;;;;;;;;;;;;;;;;;;;;;;;;;;;;;;;;;;;;;;;;;;;;;;;;;;;;;;;;;;;;;;;;;;;;;;;;;;;;;;;;;;;;;;;;;;;;;;;;;;;;;;;;;;;;;;;;;;;;;;;;;;;;;;;;;;;;;;;;;;;;;;;;;;;;;;;;;;;;;;;;;;;;;;;;;;;;;;;;;;;;;;;;;;;;;;;;;;;;;;;;;;;;;;;;;;;;;;;;;;;;;;;;;;;;;;;;;;;;;;;;;;;;;;;;;;;;;;;;;;;;;;;;;;;;;;;;;;;;;;;;;;;;;;;;;;;;;;;;;;;;;;;;;;;;;;;;;;;;;;;;;;;;;;;;;;;;;;;;;;;;;;;;;;;;;;;;;;;;;;;;;;;;;;;;;;;;;;;;;;;;;;;;;;;;;;;;;;;;;;;;;;;;;;;;;;;;;;;;;;;;;;;;;;;;;;;;;;;;;;;;;;;;;;;;;;;;;;;;;;;;;;;;;;;;;;;;;;;;;;;;;;;;;;;;;;;;;;;;;;;;;;;;;;;;;;;;;;;;;;;;;;;;;;;;;;;;;;;;;;;;;;;;;;;;;;;;;;;;;;;;;;;;;;;;;;;;;;;;;;;;;;;;;;;;;;;;;;;;;;;;;;;;;;;;;;;;;;;;;;;;;;;;;;;;;;;;;;;;;;;;;;;;;;;;;;;;;;;;;;;;;;;;;;;;;;;;;;;;;;;;;;;;;;;;;;;;;;;;;;;;;;;;;;;;;;;;;;;;;;;;;;;;;;;;;;;;;;;;;;;;;;;;;;;;;;;;;;;;;;;;;;;;;;;;;;;;;;;;;;;;;;;;;;;;;;;;;;;;;;;;;;;;;;;;;;;;;;;;;;;;;;;;;;;;;;;;;;;;;;;;;;;;;;;;;;;;;;;;;;;;;;;;;;;;;;;;;;;;;;;;;;;;;;;;;;;;;;;;;;;;;;;;;;;;;;;;;;;;;;;;;;;;;;;;;;;;;;;;;;;;;;;;;;;;;;;;;;;;;;;;;;;;;;;;;;;;;;;;;;;;;;;;;;;;;;;;;;;;;;;;;;;;;;;;;;;;;;;;;;;;;;;;;;;;;;;;;;;;;;;;;;;;;;;;;;;;;;;;;;;;;;;;;;;;;;;;;;;;;;;;;;;;;;;;;;;;;;;;;;;;;;;;;;;;;;;;;;;;;;;;;;;;;;;;;;;;;;;;;;;;;;;;;;;;;;;;;;;;;;;;;;;;;;;;;;;;;;;;;;;;;;;;;;;;;;;;;;;;;;;;;;;;;;;;;;;;;;;;;;;;;;;;;;;;;;;;;;;;;;;;;;;;;;;;;;;;;;;;;;;;;;;;;;;;;;;;;;;;;;;;;;;;;;;;;;;;;;;;;;;;;;;;;;;;;;;;;;;;;;;;;;;;;;;;;;;;;;;;;;;;;;;;;;;;;;;;;;;;;;;;;;;;;;;;;;;;;;;;;;;;;;;;;;;;;;;;;;;;;;;;;;;;;;;;;;;;;;;;;;;;;;;;;;;;;;;;;;;;;;;;;;;;;;;;;;;;;;;;;;;;;;;;;;;;;;;;;;;;;;;;;;;;;;;;;;;;;;;;;;;;;;;;;;;;;;;;;;;;;;;;;;;;;;;;;;;;;;;;;;;;;;;;;;;;;;;;;;;;;;;;;;;;;;;;;;;;;;;;;;;;;;;;;;;;;;;;;;;;;;;;;;;;;;;;;;;;;;;;;;;;;;;;;;;;;;;;;;;;;;;;;;;;;;;;;;;;;;;;;;;;;;;;;;;;;;;;;;;;;;;;;;;;;;;;;;;;;;;;;;;;;;;;;;;;;;;;;;;;;;;;;;;;;;;;;;;;;;;;;;;;;;;;;;;;;;;;;;;;;;;;;;;;;;;;;;;;;;;;;;;;;;;;;;;;;;;;;;;;;;;;;;;;;;;;;;;;;;;;;;;;;;;;;;;;;;;;;;;;;;;;;;;;;;;;;;;;;;;;;;;;;;;;;;;;;;;;;;;;;;;;;;;;;;;;;;;;;;;;;;;;;;;;;;;;;;;;;;;;;;;;;;;;;;;;;;;;;;;;;;;;;;;;;;;;;;;;;;;;;;;;;;;;;;;;;;;;;;;;;;;;;;;;;;;;;;;;;;;;;;;;;;;;;;;;;;;;;;;;;;;;;;;;;;;;;;;;;;;;;;;;;;;;;;;;;;;;;;;;;;;;;;;;;;;;;;;;;;;;;;;;;;;;;;;;;;;;;;;;;;;;;;;;;;;;;;;;;;;;;;;;;;;;;;;;;;;;;;;;;;;;;;;;;;;;;;;;;;;;;;;;;;;;;;;;;;;;;;;;;;;;;;;;;;;;;;;;;;;;;;;;;;;;;;;;;;;;;;;;;;;;;;;;;;;;;;;;;;;;;;;;;;;;;;;;;;;;;;;;;;;;;;;;;;;;;;;;;;;;;;;;;;;;;;;;;;;;;;;;;;;;;;;;;;;;;;;;;;;;;;;;;;;;;;;;;;;;;;;;;;;;;;;;;;;;;;;;;;;;;;;;;;;;;;;;;;;;;;;;;;;;;;;;;;;;;;;;;;;;;;;;;;;;;;;;;;;;;;;;;;;;;;;;;;;;;;;;;;;;;;;;;;;;;;;;;;;;;;;;;;;;;;;;;;;;;;;;;;;;;;;;;;;;;;;;;;;;;;;;;;;;;;;;;;;;;;;;;;;;;;;;;;;;;;;;;;;;;;;;;;;;;;;;;;;;;;;;;;;;;;;;;;;;;;;;;;;;;;;;;;;;;;;;;;;;;;;;;;;;;;;;;;;;;;;;;;;;;;;;;;;;;;;;;;;;;;;;;;;;;;;;;;;;;;;;;;;;;;;;;;;;;;;;;;;;;;;;;;;;;;;;;;;;;;;;;;;;;;;;;;;;;;;;;;;;;;;;;;;;;;;;;;;;;;;;;;;;;;;;;;;;;;;;;;;;;;;;;;;;;;;;;;;;;;;;;;;;;;;;;;;;;;;;;;;;;;;;;;;;;;;;;;;;;;;;;;;;;;;;;;;;;;;;;;;;;;;;;;;;;;;;;;;;;;;;;;;;;;;;;;;;;;;;;;;;;;;;;;;;;;;;;;;;;;;;;;;;;;;;;;;;;;;;;;;;;;;;;;;;;;;;;;;;;;;;;;;;;;;;;;;;;;;;;;;;;;;;;;;;;;;;;;;;;;;;;;;;;;;;;;;;;;;;;;;;;;;;;;;;;;;;;;;;;;;;;;;;;;;;;;;;;;;;;;;;;;;;;;;;;;;;;;;;;;;;;;;;;;;;;;;;;;;;;;;;;;;;;;;;;;;;;;;;;;;;;;;;;;;;;;;;;;;;;;;;;;;;;;;;;;;;;;;;;;;;;;;;;;;;;;;;;;;;;;;;;;;;;;;;;;;;;;;;;;;;;;;;;;;;;;;;;;;;;;;;;;;;;;;;;;;;;;;;;;;;;;;;;;;;;;;;;;;;;;;;;;;;;;;;;;;;;;;;;;;;;;;;;;;;;;;;;;;;;;;;;;;;;;;;;;;;;;;;;;;;;;;;;;;;;;;;;;;;;;;;;;;;;;;;;;;;;;;;;;;;;;;;;;;;;;;;;;;;;;;;;;;;;;;;;;;;;;;;;;;;;;;;;;;;;;;;;;;;;;;;;;;;;;;;;;;;;;;;;;;;;;;;;;;;;;;;;;;;;;;;;;;;;;;;;;;;;;;;;;;;;;;;;;;;;;;;;;;;;;;;;;;;;;;;;;;;;;;;;;;;;;;;;;;;;;;;;;;;;;;;;;;;;;;;;;;;;;;;;;;;;;;;;;;;;;;;;;;;;;;;;;;;;;;;;;;;;;;;;;;;;;;;;;;;;;;;;;;;;;;;;;;;;;;;;;;;;;;;;;;;;;;;;;;;;;;;;;;;;;;;;;;;;;;;;;;;;;;;;;;;;;;;;;;;;;;;;;;;;;;;;;;;;;;;;;;;;;;;;;;;;;;;;;;;;;;;;;;;;;;;;;;;;;;;;;;;;;;;;;;;;;;;;;;;;;;;;;;;;;;;;;;;;;;;;;;;;;;;;;;;;;;;;;;;;;;;;;;;;;;;;;;;;;;;;;;;;;;;;;;;;;;;;;;;;;;;;;;;;;;;;;;;;;;;;;;;;;;;;;;;;;;;;;;;;;;;;;;;;;;;;;;;;;;;;;;;;;;;;;;;;;;;;;;;;;;;;;;;;;;;;;;;;;;;;;;;;;;;;;;;;;;;;;;;;;;;;;;;;;;;;;;;;;;;;;;;;;;;;;;;;;;;;;;;;;;;;;;;;;;;;;;;;;;;;;;;;;;;;;;;;;;;;;;;;;;;;;;;;;;;;;;;;;;;;;;;;;;;;;;;;;;;;;;;;;;;;;;;;;;;;;;;;;;;;;;;;;;;;;;;;;;;;;;;;;;;;;;;;;;;;;;;;;;;;;;;;;;;;;;;;;;;;;;;;;;;;;;;;;;;;;;;;;;;;;;;;;;;;;;;;;;;;;;;;;;;;;;;;;;;;;;;;;;;;;;;;;;;;;;;;;;;;;;;;;;;;;;;;;;;;;;;;;;;;;;;;;;;;;;;;;;;;;;;;;;;;;;;;;;;;;;;;;;;;;;;;;;;;;;;;;;;;;;;;;;;;;;;;;;;;;;;;;;;;;;;;;;;;;;;;;;;;;;;;;;;;;;;;;;;;;;;;;;;;;;;;;;;;;;;;;;;;;;;;;;;;;;;;;;;;;;;;;;;;;;;;;;;;;;;;;;;;;;;;;;;;;;;;;;;;;;;;;;;;;;;;;;;;;;;;;;;;;;;;;;;;;;;;;;;;;;;;;;;;;;;;;;;;;;;;;;;;;;;;;;;;;;;;;;;;;;;;;;;;;;;;;;;;;;;;;;;;;;;;;;;;;;;;;;;;;;;;;;;;;;;;;;;;;;;;;;;;;;;;;;;;;;;;;;;;;;;;;;;;;;;;;;;;;;;;;;;;;;;;;;;;;;;;;;;;;;;;;;;;;;;;;;;;;;;;;;;;;;;;;;;;;;;;;;;;;;;;;;;;;;;;;;;;;;;;;;;;;;;;;;;;;;;;;;;;;;;;;;;;;;;;;;;;;;;;;;;;;;;;;;;;;;;;;;;;;;;;;;;;;;;;;;;;;;;;;;;;;;;;;;;;;;;;;;;;;;;;;;;;;;;;;;;;;;;;;;;;;;;;;;;;;;;;;;;;;;;;;;;;;;;;;;;;;;;;;;;;;;;;;;;;;;;;;;;;;;;;;;;;;;;;;;;;;;;;;;;;;;;;;;;;;;;;;;;;;;;;;;;;;;;;;;;;;;;;;;;;;;;;;;;;;;;;;;;;;;;;;;;;;;;;;;;;;;;;;;;;;;;;;;;;;;;;;;;;;;;;;;;;;;;;;;;;;;;;;;;;;;;;;;;;;;;;;;;;;;;;;;;;;;;;;;;;;;;;;;;;;;;;;;;;;;;;;;;;;;;;;;;;;;;;;;;;;;;;;;;;;;;;;;;;;;;;;;;;;;;;;;;;;;;;;;;;;;;;;;;;;;;;;;;;;;;;;;;;;;;;;;;;;;;;;;;;;;;;;;;;;;;;;;;;;;;;;;;;;;;;;;;;;;;;;;;;;;;;;;;;;;;;;;;;;;;;;;;;;;;;;;;;;;;;;;;;;;;;;;;;;;;;;;;;;;;;;;;;;;;;;;;;;;;;;;;;;;;;;;;;;;;;;;;;;;;;;;;;;;;;;;;;;;;;;;;;;;;;;;;;;;;;;;;;;;;;;;;;;;;;;;;;;;;;;;;;;;;;;;;;;;;;;;;;;;;;;;;;;;;;;;;;;;;;;;;;;;;;;;;;;;;;;;;;;;;;;;;;;;;;;;;;;;;;;;;;;;;;;;;;;;;;;;;;;;;;;;;;;;;;;;;;;;;;;;;;;;;;;;;;;;;;;;;;;;;;;;;;;;;;;;;;;;;;;;;;;;;;;;;;;;;;;;;;;;;;;;;;;;;;;;;;;;;;;;;;;;;;;;;;;;;;;;;;;;;;;;;;;;;;;;;;;;;;;;;;;;;;;;;;;;;;;;;;;;;;;;;;;;;;;;;;;;;;;;;;;;;;;;;;;;;;;;;;;;;;;;;;;;;;;;;;;;;;;;;;;;;;;;;;;;;;;;;;;;;;;;;;;;;;;;;;;;;;;;;;;;;;;;;;;;;;;;;;;;;;;;;;;;;;;;;;;;;;;;;;;;;;;;;;;;;;;;;;;;;;;;;;;;;;;;;;;;;;;;;;;;;;;;;;;;;;;;;;;;;;;;;;;;;;;;;;;;;;;;;;;;;;;;;;;;;;;;;;;;;;;;;;;;;;;;;;;;;;;;;;;;;;;;;;;;;;;;;;;;;;;;;;;;;;;;;;;;;;;;;;;;;;;;;;;;;;;;;;;;;;;;;;;;;;;;;;;;;;;;;;;;;;;;;;;;;;;;;;;;;;;;;;;;;;;;;;;;;;;;;;;;;;;;;;;;;;;;;;;;;;;;;;;;;;;;;;;;;;;;;;;;;;;;;;;;;;;;;;;;;;;;;;;;;;;;;;;;;;;;;;;;;;;;;;;;;;;;;;;;;;;;;;;;;;;;;;;;;;;;;;;;;;;;;;;;;;;;;;;;;;;;;;;;;;;;;;;;;;;;;;;;;;;;;;;;;;;;;;;;;;;;;;;;;;;;;;;;;;;;;;;;;;;;;;;;;;;;;;;;;;;;;;;;;;;;;;;;;;;;;;;;;;;;;;;;;;;;;;;;;;;;;;;;;;;;;;;;;;;;;;;;;;;;;;;;;;;;;;;;;;;;;;;;;;;;;;;;;;;;;;;;;;;;;;;;;;;;;;;;;;;;;;;;;;;;;;;;;;;;;;;;;;;;;;;;;;;;;;;;;;;;;;;;;;;;;;;;;;;;;;;;;;;;;;;;;;;;;;;;;;;;;;;;;;;;;;;;;;;;;;;;;;;;;;;;;;;;;;;;;;;;;;;;;;;;;;;;;;;;;;;;;;;;;;;;;;;;;;;;;;;;;;;;;;;;;;;;;;;;;;;;;;;;;;;;;;;;;;;;;;;;;;;;;;;;;;;;;;;;;;;;;;;;;;;;;;;;;;;;;;;;;;;;;;;;;;;;;;;;;;;;;;;;;;;;;;;;;;;;;;;;;;;;;;;;;;;;;;;;;;;;;;;;;;;;;;;;;;;;;;;;;;;;;;;;;;;;;;;;;;;;;;;;;;;;;;;;;;;;;;;;;;;;;;;;;;;;;;;;;;;;;;;;;;;;;;;;;;;;;;;;;;;;;;;;;;;;;;;;;;;;;;;;;;;;;;;;;;;;;;;;;;;;;;;;;;;;;;;;;;;;;;;;;;;;;;;;;;;;;;;;;;;;;;;;;;;;;;;;;;;;;;;;;;;;;;;;;;;;;;;;;;;;;;;;;;;;;;;;;;;;;;;;;;;;;;;;;;;;;;;;;;;;;;;;;;;;;;;;;;;;;;;;;;;;;;;;;;;;;;;;;;;;;;;;;;;;;;;;;;;;;;;;;;;;;;;;;;;;;;;;;;;;;;;;;;;;;;;;;;;;;;;;;;;;;;;;;;;;;;;;;;;;;;;;;;;;;;;;;;;;;;;;;;;;;;;;;;;;;;;;;;;;;;;;;;;;;;;;;;;;;;;;;;;;;;;;;;;;;;;;;;;;;;;;;;;;;;;;;;;;;;;;;;;;;;;;;;;;;;;;;;;;;;;;;;;;;;;;;;;;;;;;;;;;;;;;;;;;;;;;;;;;;;;;;;;;;;;;;;;;;;;;;;;;;;;;;;;;;;;;;;;;;;;;;;;;;;;;;;;;;;;;;;;;;;;;;;;;;;;;;;;;;;;;;;;;;;;;;;;;;;;;;;;;;;;;;;;;;;;;;;;;;;;;;;;;;;;;;;;;;;;;;;;;;;;;;;;;;;;;;;;;;;;;;;;;;;;;;;;;;;;;;;;;;;;;;;;;;;;;;;;;;;;;;;;;;;;;;;;;;;;;;;;;;;;;;;;;;;;;;;;;;;;;;;;;;;;;;;;;;;;;;;;;;;;;;;;;;;;;;;;;;;;;;;;;;;;;;;;;;;;;;;;;;;;;;;;;;;;;;;;;;;;;;;;;;;;;;;;;;;;;;;;;;;;;;;;;;;;;;;;;;;;;;;;;;;;;;;;;;;;;;;;;;;;;;;;;;;;;;;;;;;;;;;;;;;;;;;;;;;;;;;;;;;;;;;;;;;;;;;;;;;;;;;;;;;;;;;;;;;;;;;;;;;;;;;;;;;;;;;;;;;;;;;;;;;;;;;;;;;;;;;;;;;;;;;;;;;;;;;;;;;;;;;;;;;;;;;;;;;;;;;;;;;;;;;;;;;;;;;;;;;;;;;;;;;;;;;;;;;;;;;;;;;;;;;;;;;;;;;;;;;;;;;;;;;;;;;;;;;;;;;;;;;;;;;;;;;;;;;;;;;;;;;;;;;;;;;;;;;;;;;;;;;;;;;;;;;;;;;;;;;;;;;;;;;;;;;;;;;;;;;;;;;;;;;;;;;;;;;;;;;;;;;;;;;;;;;;;;;;;;;;;;;;;;;;;;;;;;;;;;;;;;;;;;;;;;;;;;;;;;;;;;;;;;;;;;;;;;;;;;;;;;;;;;;;;;;;;;;;;;;;;;;;;;;;;;;;;;;;;;;;;;;;;;;;;;;;;;;;;;;;;;;;;;;;;;;;;;;;;;;;;;;;;;;;;;;;;;;;;;;;;;;;;;;;;;;;;;;;;;;;;;;;;;;;;;;;;;;;;;;;;;;;;;;;;;;;;;;;;;;;;;;;;;;;;;;;;;;;;;;;;;;;;;;;;;;;;;;;;;;;;;;;;;;;;;;;;;;;;;;;;;;;;;;;;;;;;;;;;;;;;;;;;;;;;;;;;;;;;;;;;;;;;;;;;;;;;;;;;;;;;;;;;;;;;;;;;;;;;;;;;;;;;;;;;;;;;;;;;;;;;;;;;;;;;;;;;;;;;;;;;;;;;;;;;;;;;;;;;;;;;;;;;;;;;;;;;;;;;;;;;;;;;;;;;;;;;;;;;;;;;;;;;;;;;;;;;;;;;;;;;;;;;;;;;;;;;;;;;;;;;;;;;;;;;;;;;;;;;;;;;;;;;;;;;;;;;;;;;;;;;;;;;;;;;;;;;;;;;;;;;;;;;;;;;;;;;;;;;;;;;;;;;;;;;;;;;;;;;;;;;;;;;;;;;;;;;;;;;;;;;;;;;;;;;;;;;;;;;;;;;;;;;;;;;;;;;;;;;;;;;;;;;;;;;;;;;;;;;;;;;;;;;;;;;;;;;;;;;;;;;;;;;;;;;;;;;;;;;;;;;;;;;;;;;;;;;;;;;;;;;;;;;;;;;;;;;;;;;;;;;;;;;;;;;;;;;;;;;;;;;;;;;;;;;;;;;;;;;;;;;;;;;;;;;;;;;;;;;;;;;;;;;;;;;;;;;;;;;;;;;;;;;;;;;;;;;;;;;;;;;;;;;;;;;;;;;;;;;;;;;;;;;;;;;;;;;;;;;;;;;;;;;;;;;;;;;;;;;;;;;;;;;;;;;;;;;;;;;;;;;;;;;;;;;;;;;;;;;;;;;;;;;;;;;;;;;;;;;;;;;;;;;;;;;;;;;;;;;;;;;;;;;;;;;;;;;;;;;;;;;;;;;;;;;;;;;;;;;;;;;;;;;;;;;;;;;;;;;;;;;;;;;;;;;;;;;;;;;;;;;;;;;;;;;;;;;;;;;;;;;;;;;;;;;;;;;;;;;;;;;;;;;;;;;;;;;;;;;;;;;;;;;;;;;;;;;;;;;;;;;;;;;;;;;;;;;;;;;;;;;;;;;;;;;;;;;;;;;;;;;;;;;;;;;;;;;;;;;;;;;;;;;;;;;;;;;;;;;;;;;;;;;;;;;;;;;;;;;;;;;;;;;;;;;;;;;;;;;;;;;;;;;;;;;;;;;;;;;;;;;;;;;;;;;;;;;;;;;;;;;;;;;;;;;;;;;;;;;;;;;;;;;;;;;;;;;;;;;;;;;;;;;;;;;;;;;;;;;;;;;;;;;;;;;;;;;;;;;;;;;;;;;;;;;;;;;;;;;;;;;;;;;;;;;;;;;;;;;;;;;;;;;;;;;;;;;;;;;;;;;;;;;;;;;;;;;;;;;;;;;;;;;;;;;;;;;;;;;;;;;;;;;;;;;;;;;;;;;;;;;;;;;;;;;;;;;;;;;;;;;;;;;;;;;;;;;;;;;;;;;;;;;;;;;;;;;;;;;;;;;;;;;;;;;;;;;;;;;;;;;;;;;;;;;;;;;;;;;;;;;;;;;;;;;;;;;;;;;;;;;;;;;;;;;;;;;;;;;;;;;;;;;;;;;;;;;;;;;;;;;;;;;;;;;;;;;;;;;;;;;;;;;;;;;;;;;;;;;;;;;;;;;;;;;;;;;;;;;;;;;;;;;;;;;;;;;;;;;;;;;;;;;;;;;;;;;;;;;;;;;;;;;;;;;;;;;;;;;;;;;;;;;;;;;;;;;;;;;;;;;;;;;;;;;;;;;;;;;;;;;;;;;;;;;;;;;;;;;;;;;;;;;;;;;;;;;;;;;;;;;;;;;;;;;;;;;;;;;;;;;;;;;;;;;;;;;;;;;;;;;;;;;;;;;;;;;;;;;;;;;;;;;;;;;;;;;;;;;;;;;;;;;;;;;;;;;;;;;;;;;;;;;;;;;;;;;;;;;;;;;;;;;;;;;;;;;;;;;;;;;;;;;;;;;;;;;;;;;;;;;;;;;;;;;;;;;;;;;;;;;;;;;;;;;;;;;;;;;;;;;;;;;;;;;;;;;;;;;;;;;;;;;;;;;;;;;;;;;;;;;;;;;;;;;;;;;;;;;;;;;;;;;;;;;;;;;;;;;;;;;;;;;;;;;;;;;;;;;;;;;;;;;;;;;;;;;;;;;;;;;;;;;;;;;;;;;;;;;;;;;;;;;;;;;;;;;;;;;;;;;;;;;;;;;;;;;;;;;;;;;;;;;;;;;;;;;;;;;;;;;;;;;;;;;;;;;;;;;;;;;;;;;;;;;;;;;;;;;;;;;;;;;;;;;;;;;;;;;;;;;;;;;;;;;;;;;;;;;;;;;;;;;;;;;;;;;;;;;;;;;;;;;;;;;;;;;;;;;;;;;;;;;;;;;;;;;;;;;;;;;;;;;;;;;;;;;;;;;;;;;;;;;;;;;;;;;;;;;;;;;;;;;;;;;;;;;;;;;;;;;;;;;;;;;;;;;;;;;;;;;;;;;;;;;;;;;;;;;;;;;;;;;;;;;;;;;;;;;;;;;;;;;;;;;;;;;;;;;;;;;;;;;;;;;;;;;;;;;;;;;;;;;;;;;;;;;;;;;;;;;;;;;;;;;;;;;;;;;;;;;;;;;;;;;;;;;;;;;;;;;;;;;;;;;;;;;;;;;;;;;;;;;;;;;;;;;;;;;;;;;;;;;;;;;;;;;;;;;;;;;;;;;;;;;;;;;;;;;;;;;;;;;;;;;;;;;;;;;;;;;;;;;;;;;;;;;;;;;;;;;;;;;;;;;;;;;;;;;;;;;;;;;;;;;;;;;;;;;;;;;;;;;;;;;;;;;;;;;;;;;;;;;;;;;;;;;;;;;;;;;;;;;;;;;;;;;;;;;;;;;;;;;;;;;;;;;;;;;;;;;;;;;;;;;;;;;;;;;;;;;;;;;;;;;;;;;;;;;;;;;;;;;;;;;;;;;;;;;;;;;;;;;;;;;;;;;;;;;;;;;;;;;;;;;;;;;;;;;;;;;;;;;;;;;;;;;;;;;;;;;;;;;;;;;;;;;;;;;;;;;;;;;;;;;;;;;;;;;;;;;;;;;;;;;;;;;;;;;;;;;;;;;;;;;;;;;;;;;;;;;;;;;;;;;;;;;;;;;;;;;;;;;;;;;;;;;;;;;;;;;;;;;;;;;;;;;;;;;;;;;;;;;;;;;;;;;;;;;;;;;;;;;;;;;;;;;;;;;;;;;;;;;;;;;;;;;;;;;;;;;;;;;;;;;;;;;;;;;;;;;;;;;;;;;;;;;;;;;;;;;;;;;;;;;;;;;;;;;;;;;;;;;;;;;;;;;;;;;;;;;;;;;;;;;;;;;;;;;;;;;;;;;;;;;;;;;;;;;;;;;;;;;;;;;;;;;;;;;;;;;;;;;;;;;;;;;;;;;;;;;;;;;;;;;;;;;;;;;;;;;;;;;;;;;;;;;;;;;;;;;;;;;;;;;;;;;;;;;;;;;;;;;;;;;;;;;;;;;;;;;;;;;;;;;;;;;;;;;;;;;;;;;;;;;;;;;;;;;;;;;;;;;;;;;;;;;;;;;;;;;;;;;;;;;;;;;;;;;;;;;;;;;;;;;;;;;;;;;;;;;;;;;;;;;;;;;;;;;;;;;;;;;;;;;;;;;;;;;;;;;;;;;;;;;;;;;;;;;;;;;;;;;;;;;;;;;;;;;;;;;;;;;;;;;;;;;;;;;;;;;;;;;;;;;;;;;;;;;;;;;;;;;;;;;;;;;;;;;;;;;;;;;;;;;;;;;;;;;;;;;;;;;;;;;;;;;;;;;;;;;;;;;;;;;;;;;;;;;;;;;;;;;;;;;;;;;;;;;;;;;;;;;;;;;;;;;;;;;;;;;;;;;;;;;;;;;;;;;;;;;;;;;;;;;;;;;;;;;;;;;;;;;;;;;;;;;;;;;;;;;;;;;;;;;;;;;;;;;;;;;;;;;;;;;;;;;;;;;;;;;;;;;;;;;;;;;;;;;;;;;;;;;;;;;;;;;;;;;;;;;;;;;;;;;;;;;;;;;;;;;;;;;;;;;;;;;;;;;;;;;;;;;;;;;;;;;;;;;;;;;;;;;;;;;;;;;;;;;;;;;;;;;;;;;;;;;;;;;;;;;;;;;;;;;;;;;;;;;;;;;;;;;;;;;;;;;;;;;;;;;;;;;;;;;;;;;;;;;;;;;;;;;;;;;;;;;;;;;;;;;;;;;;;;;;;;;;;;;;;;;;;;;;;;;;;;;;;;;;;;;;;;;;;;;;;;;;;;;;;;;;;;;;;;;;;;;;;;;;;;;;;;;;;;;;;;;;;;;;;;;;;;;;;;;;;;;;;;;;;;;;;;;;;;;;;;;;;;;;;;;;;;;;;;;;;;;;;;;;;;;;;;;;;;;;;;;;;;;;;;;;;;;;;;;;;;;;;;;;;;;;;;;;;;;;;;;;;;;;;;;;;;;;;;;;;;;;;;;;;;;;;;;;;;;;;;;;;;;;;;;;;;;;;;;;;;;;;;;;;;;;;;;;;;;;;;;;;;;;;;;;;;;;;;;;;;;;;;;;;;;;;;;;;;;;;;;;;;;;;;;;;;;;;;;;;;;;;;;;;;;;;;;;;;;;;;;;;;;;;;;;;;;;;;;;;;;;;;;;;;;;;;;;;;;;;;;;;;;;;;;;;;;;;;;;;;;;;;;;;;;;;;;;;;;;;;;;;;;;;;;;;;;;;;;;;;;;;;;;;;;;;;;;;;;;;;;;;;;;;;;;;;;;;;;;;;;;;;;;;;;;;;;;;;;;;;;;;;;;;;;;;;;;;;;;;;;;;;;;;;;;;;;;;;;;;;;;;;;;;;;;;;;;;;;;;;;;;;;;;;;;;;;;;;;;;;;;;;;;;;;;;;;;;;;;;;;;;;;;;;;;;;;;;;;;;;;;;;;;;;;;;;;;;;;;;;;;;;;;;;;;;;;;;;;;;;;;;;;;;;;;;;;;;;;;;;;;;;;;;;;;;;;;;;;;;;;;;;;;;;;;;;;;;;;;;;;;;;;;;;;;;;;;;;;;;;;;;;;;;;;;;;;;;;;;;;;;;;;;;;;;
